mode: set
github.com/vmpx/vmp-x/cmd/argdump/main.go:9.48,11.16 2 0
github.com/vmpx/vmp-x/cmd/argdump/main.go:11.16,14.3 2 0
github.com/vmpx/vmp-x/cmd/argdump/main.go:15.2,16.34 2 0
github.com/vmpx/vmp-x/cmd/argdump/main.go:16.34,18.3 1 0
github.com/vmpx/vmp-x/cmd/argdump/main.go:21.13,28.2 4 0
github.com/vmpx/vmp-x/cmd/elfhdrprobe/main.go:9.13,10.32 1 0
github.com/vmpx/vmp-x/cmd/elfhdrprobe/main.go:10.32,12.17 2 0
github.com/vmpx/vmp-x/cmd/elfhdrprobe/main.go:12.17,14.12 2 0
github.com/vmpx/vmp-x/cmd/elfhdrprobe/main.go:16.3,17.30 2 0
github.com/vmpx/vmp-x/cmd/elfhdrprobe/main.go:17.30,20.4 1 0
github.com/vmpx/vmp-x/cmd/elfhdrprobe/main.go:21.3,21.12 1 0
github.com/vmpx/vmp-x/cmd/replace/main.go:12.13,13.22 1 0
github.com/vmpx/vmp-x/cmd/replace/main.go:13.22,16.3 2 0
github.com/vmpx/vmp-x/cmd/replace/main.go:18.2,19.23 2 0
github.com/vmpx/vmp-x/cmd/replace/main.go:19.23,21.3 1 0
github.com/vmpx/vmp-x/cmd/replace/main.go:22.2,23.16 2 0
github.com/vmpx/vmp-x/cmd/replace/main.go:23.16,26.3 2 0
github.com/vmpx/vmp-x/cmd/replace/main.go:27.2,29.12 3 0
github.com/vmpx/vmp-x/cmd/replace/main.go:29.12,32.3 2 0
github.com/vmpx/vmp-x/cmd/replace/main.go:33.2,34.67 2 0
github.com/vmpx/vmp-x/cmd/replace/main.go:34.67,37.3 2 0
github.com/vmpx/vmp-x/cmd/replace/main.go:38.2,38.34 1 0
github.com/vmpx/vmp-x/cmd/elfprobe/main.go:10.13,11.22 1 0
github.com/vmpx/vmp-x/cmd/elfprobe/main.go:11.22,14.3 2 0
github.com/vmpx/vmp-x/cmd/elfprobe/main.go:15.2,16.16 2 0
github.com/vmpx/vmp-x/cmd/elfprobe/main.go:16.16,19.3 2 0
github.com/vmpx/vmp-x/cmd/elfprobe/main.go:20.2,26.28 6 0
github.com/vmpx/vmp-x/cmd/elfprobe/main.go:26.28,27.55 1 0
github.com/vmpx/vmp-x/cmd/elfprobe/main.go:27.55,29.4 1 0
github.com/vmpx/vmp-x/cmd/elfprobe/main.go:30.3,30.43 1 0
github.com/vmpx/vmp-x/cmd/elfprobe/main.go:30.43,32.4 1 0
github.com/vmpx/vmp-x/cmd/elfprobe/main.go:34.2,36.28 3 0
github.com/vmpx/vmp-x/cmd/elfprobe/main.go:36.28,40.3 2 0
github.com/vmpx/vmp-x/cmd/elfprobe/main.go:41.2,43.31 3 0
github.com/vmpx/vmp-x/cmd/elfprobe/main.go:43.31,44.40 1 0
github.com/vmpx/vmp-x/cmd/elfprobe/main.go:44.40,48.4 2 0
github.com/vmpx/vmp-x/cmd/elfprobe/main.go:50.2,50.23 1 0
github.com/vmpx/vmp-x/cmd/elfprobe/main.go:50.23,53.18 3 0
github.com/vmpx/vmp-x/cmd/elfprobe/main.go:53.18,55.4 1 0
github.com/vmpx/vmp-x/cmd/elfprobe/main.go:56.3,56.26 1 0
github.com/vmpx/vmp-x/cmd/elfprobe/main.go:56.26,57.22 1 0
github.com/vmpx/vmp-x/cmd/elfprobe/main.go:57.22,61.5 2 0
github.com/vmpx/vmp-x/cmd/peprobe/main.go:15.13,16.22 1 0
github.com/vmpx/vmp-x/cmd/peprobe/main.go:16.22,19.3 2 0
github.com/vmpx/vmp-x/cmd/peprobe/main.go:20.2,22.23 3 0
github.com/vmpx/vmp-x/cmd/peprobe/main.go:22.23,24.26 2 0
github.com/vmpx/vmp-x/cmd/peprobe/main.go:24.26,27.4 2 0
github.com/vmpx/vmp-x/cmd/peprobe/main.go:28.3,28.8 1 0
github.com/vmpx/vmp-x/cmd/peprobe/main.go:30.2,31.23 2 0
github.com/vmpx/vmp-x/cmd/peprobe/main.go:31.23,33.3 1 0
github.com/vmpx/vmp-x/cmd/peprobe/main.go:35.2,36.16 2 0
github.com/vmpx/vmp-x/cmd/peprobe/main.go:36.16,39.3 2 0
github.com/vmpx/vmp-x/cmd/peprobe/main.go:40.2,44.25 4 0
github.com/vmpx/vmp-x/cmd/peprobe/main.go:44.25,46.3 1 0
github.com/vmpx/vmp-x/cmd/peprobe/main.go:48.2,49.16 2 0
github.com/vmpx/vmp-x/cmd/peprobe/main.go:49.16,52.3 2 0
github.com/vmpx/vmp-x/cmd/peprobe/main.go:53.2,53.36 1 0
github.com/vmpx/vmp-x/cmd/peprobe/main.go:53.36,56.3 2 0
github.com/vmpx/vmp-x/cmd/peprobe/main.go:58.2,64.16 4 0
github.com/vmpx/vmp-x/cmd/peprobe/main.go:64.16,67.3 2 0
github.com/vmpx/vmp-x/cmd/peprobe/main.go:68.2,69.24 2 0
github.com/vmpx/vmp-x/cmd/lift/main.go:18.13,26.29 7 0
github.com/vmpx/vmp-x/cmd/lift/main.go:26.29,29.3 2 0
github.com/vmpx/vmp-x/cmd/lift/main.go:31.2,38.20 6 0
github.com/vmpx/vmp-x/cmd/lift/main.go:38.20,39.51 1 0
github.com/vmpx/vmp-x/cmd/lift/main.go:39.51,43.61 2 0
github.com/vmpx/vmp-x/cmd/lift/main.go:43.61,47.5 3 0
github.com/vmpx/vmp-x/cmd/lift/main.go:50.2,51.16 2 0
github.com/vmpx/vmp-x/cmd/lift/main.go:51.16,53.40 2 0
github.com/vmpx/vmp-x/cmd/lift/main.go:53.40,55.4 1 0
github.com/vmpx/vmp-x/cmd/lift/main.go:56.3,57.13 2 0
github.com/vmpx/vmp-x/cmd/lift/main.go:60.2,67.14 5 0
github.com/vmpx/vmp-x/cmd/lift/main.go:67.14,68.31 1 0
github.com/vmpx/vmp-x/cmd/lift/main.go:68.31,74.4 3 0
github.com/vmpx/vmp-x/cmd/lift/main.go:75.3,76.16 2 0
github.com/vmpx/vmp-x/cmd/lift/main.go:79.2,79.16 1 0
github.com/vmpx/vmp-x/cmd/lift/main.go:79.16,83.3 3 0
github.com/vmpx/vmp-x/cmd/lift/main.go:86.22,87.16 1 0
github.com/vmpx/vmp-x/cmd/lift/main.go:87.16,91.3 3 0
github.com/vmpx/vmp-x/cmd/vmpack/main.go:46.41,46.73 1 0
github.com/vmpx/vmp-x/cmd/vmpack/main.go:47.41,47.75 2 0
github.com/vmpx/vmp-x/cmd/vmpack/main.go:49.13,63.35 13 0
github.com/vmpx/vmp-x/cmd/vmpack/main.go:63.35,66.3 2 0
github.com/vmpx/vmp-x/cmd/vmpack/main.go:67.2,68.19 2 0
github.com/vmpx/vmp-x/cmd/vmpack/main.go:68.19,70.3 1 0
github.com/vmpx/vmp-x/cmd/vmpack/main.go:73.2,80.9 8 0
github.com/vmpx/vmp-x/cmd/vmpack/main.go:80.9,82.3 1 0
github.com/vmpx/vmp-x/cmd/vmpack/main.go:83.2,88.28 4 0
github.com/vmpx/vmp-x/cmd/vmpack/main.go:88.28,90.35 2 0
github.com/vmpx/vmp-x/cmd/vmpack/main.go:90.35,92.4 1 0
github.com/vmpx/vmp-x/cmd/vmpack/main.go:93.3,97.16 5 0
github.com/vmpx/vmp-x/cmd/vmpack/main.go:101.2,103.34 3 0
github.com/vmpx/vmp-x/cmd/vmpack/main.go:103.34,106.21 3 0
github.com/vmpx/vmp-x/cmd/vmpack/main.go:106.21,108.4 1 0
github.com/vmpx/vmp-x/cmd/vmpack/main.go:109.3,111.76 3 0
github.com/vmpx/vmp-x/cmd/vmpack/main.go:111.76,113.49 2 0
github.com/vmpx/vmp-x/cmd/vmpack/main.go:113.49,115.5 1 0
github.com/vmpx/vmp-x/cmd/vmpack/main.go:116.4,116.27 1 0
github.com/vmpx/vmp-x/cmd/vmpack/main.go:116.27,122.5 4 0
github.com/vmpx/vmp-x/cmd/vmpack/main.go:123.4,126.51 4 0
github.com/vmpx/vmp-x/cmd/vmpack/main.go:128.3,129.16 2 0
github.com/vmpx/vmp-x/cmd/vmpack/main.go:132.2,136.21 5 0
github.com/vmpx/vmp-x/cmd/vmpack/main.go:136.21,138.3 1 0
github.com/vmpx/vmp-x/cmd/vmpack/main.go:141.2,142.9 2 0
github.com/vmpx/vmp-x/cmd/vmpack/main.go:143.13,144.21 1 0
github.com/vmpx/vmp-x/cmd/vmpack/main.go:144.21,146.4 1 0
github.com/vmpx/vmp-x/cmd/vmpack/main.go:147.3,147.48 1 0
github.com/vmpx/vmp-x/cmd/vmpack/main.go:148.13,149.27 1 0
github.com/vmpx/vmp-x/cmd/vmpack/main.go:150.13,151.25 1 0
github.com/vmpx/vmp-x/cmd/vmpack/main.go:152.11,153.87 1 0
github.com/vmpx/vmp-x/cmd/vmpack/main.go:155.12,157.23 1 0
github.com/vmpx/vmp-x/cmd/vmpack/main.go:157.23,159.4 1 0
github.com/vmpx/vmp-x/cmd/vmpack/main.go:160.3,161.73 2 0
github.com/vmpx/vmp-x/cmd/vmpack/main.go:161.73,163.4 1 0
github.com/vmpx/vmp-x/cmd/vmpack/main.go:164.3,164.53 1 0
github.com/vmpx/vmp-x/cmd/vmpack/main.go:165.15,166.27 1 0
github.com/vmpx/vmp-x/cmd/vmpack/main.go:167.15,168.25 1 0
github.com/vmpx/vmp-x/cmd/vmpack/main.go:169.11,170.91 1 0
github.com/vmpx/vmp-x/cmd/vmpack/main.go:173.2,177.11 4 0
github.com/vmpx/vmp-x/cmd/vmpack/main.go:177.11,179.3 1 0
github.com/vmpx/vmp-x/cmd/vmpack/main.go:179.8,181.3 1 0
github.com/vmpx/vmp-x/cmd/vmpack/main.go:183.2,183.35 1 0
github.com/vmpx/vmp-x/cmd/vmpack/main.go:183.35,187.3 2 0
github.com/vmpx/vmp-x/cmd/vmpack/main.go:188.2,190.23 3 0
github.com/vmpx/vmp-x/cmd/vmpack/main.go:190.23,194.3 3 0
github.com/vmpx/vmp-x/cmd/vmpack/main.go:195.2,195.15 1 0
github.com/vmpx/vmp-x/cmd/vmpack/main.go:198.29,200.16 2 0
github.com/vmpx/vmp-x/cmd/vmpack/main.go:200.16,202.3 1 0
github.com/vmpx/vmp-x/cmd/vmpack/main.go:203.2,203.18 1 0
github.com/vmpx/vmp-x/cmd/vmpack/main.go:216.86,218.35 2 0
github.com/vmpx/vmp-x/cmd/vmpack/main.go:218.35,220.3 1 0
github.com/vmpx/vmp-x/cmd/vmpack/main.go:221.2,226.29 3 0
github.com/vmpx/vmp-x/cmd/vmpack/main.go:226.29,228.3 1 0
github.com/vmpx/vmp-x/cmd/vmpack/main.go:229.2,229.16 1 0
github.com/vmpx/vmp-x/cmd/vmpack/main.go:233.154,235.29 2 0
github.com/vmpx/vmp-x/cmd/vmpack/main.go:235.29,237.17 2 0
github.com/vmpx/vmp-x/cmd/vmpack/main.go:237.17,239.4 1 0
github.com/vmpx/vmp-x/cmd/vmpack/main.go:240.3,241.17 2 0
github.com/vmpx/vmp-x/cmd/vmpack/main.go:241.17,244.41 3 0
github.com/vmpx/vmp-x/cmd/vmpack/main.go:244.41,247.5 2 0
github.com/vmpx/vmp-x/cmd/vmpack/main.go:248.4,248.14 1 0
github.com/vmpx/vmp-x/cmd/vmpack/main.go:250.3,251.17 2 0
github.com/vmpx/vmp-x/cmd/vmpack/main.go:251.17,253.4 1 0
github.com/vmpx/vmp-x/cmd/vmpack/main.go:255.3,256.17 2 0
github.com/vmpx/vmp-x/cmd/vmpack/main.go:256.17,258.4 1 0
github.com/vmpx/vmp-x/cmd/vmpack/main.go:259.3,263.14 4 0
github.com/vmpx/vmp-x/cmd/vmpack/main.go:263.14,264.32 1 0
github.com/vmpx/vmp-x/cmd/vmpack/main.go:264.32,269.5 3 0
github.com/vmpx/vmp-x/cmd/vmpack/main.go:271.3,271.85 1 0
github.com/vmpx/vmp-x/cmd/vmpack/main.go:273.2,273.19 1 0
github.com/vmpx/vmp-x/cmd/vmpack/main.go:276.241,279.66 3 0
github.com/vmpx/vmp-x/cmd/vmpack/main.go:279.66,281.3 1 0
github.com/vmpx/vmp-x/cmd/vmpack/main.go:282.2,286.44 2 0
github.com/vmpx/vmp-x/cmd/vmpack/main.go:286.44,288.51 2 0
github.com/vmpx/vmp-x/cmd/vmpack/main.go:288.51,290.4 1 0
github.com/vmpx/vmp-x/cmd/vmpack/main.go:291.3,291.29 1 0
github.com/vmpx/vmp-x/cmd/vmpack/main.go:293.2,294.34 2 0
github.com/vmpx/vmp-x/cmd/vmpack/main.go:294.34,299.3 4 0
github.com/vmpx/vmp-x/cmd/vmpack/main.go:299.8,308.17 3 0
github.com/vmpx/vmp-x/cmd/vmpack/main.go:308.17,313.4 4 0
github.com/vmpx/vmp-x/cmd/vmpack/main.go:314.3,314.17 1 0
github.com/vmpx/vmp-x/cmd/vmpack/main.go:314.17,316.4 1 0
github.com/vmpx/vmp-x/cmd/vmpack/main.go:318.3,319.14 2 0
github.com/vmpx/vmp-x/cmd/vmpack/main.go:321.2,322.75 2 0
github.com/vmpx/vmp-x/cmd/vmpack/main.go:322.75,324.3 1 0
github.com/vmpx/vmp-x/cmd/vmpack/main.go:325.2,333.73 7 0
github.com/vmpx/vmp-x/cmd/vmpack/main.go:333.73,335.3 1 0
github.com/vmpx/vmp-x/cmd/vmpack/main.go:336.2,336.12 1 0
github.com/vmpx/vmp-x/cmd/vmpack/main.go:339.233,348.37 7 0
github.com/vmpx/vmp-x/cmd/vmpack/main.go:348.37,353.3 4 0
github.com/vmpx/vmp-x/cmd/vmpack/main.go:353.8,357.17 3 0
github.com/vmpx/vmp-x/cmd/vmpack/main.go:357.17,359.4 1 0
github.com/vmpx/vmp-x/cmd/vmpack/main.go:360.3,360.17 1 0
github.com/vmpx/vmp-x/cmd/vmpack/main.go:360.17,362.4 1 0
github.com/vmpx/vmp-x/cmd/vmpack/main.go:364.3,364.52 1 0
github.com/vmpx/vmp-x/cmd/vmpack/main.go:364.52,366.18 2 0
github.com/vmpx/vmp-x/cmd/vmpack/main.go:366.18,368.5 1 0
github.com/vmpx/vmp-x/cmd/vmpack/main.go:369.4,369.12 1 0
github.com/vmpx/vmp-x/cmd/vmpack/main.go:371.3,371.14 1 0
github.com/vmpx/vmp-x/cmd/vmpack/main.go:373.2,373.75 1 0
github.com/vmpx/vmp-x/cmd/vmpack/main.go:373.75,375.3 1 0
github.com/vmpx/vmp-x/cmd/vmpack/main.go:376.2,384.12 7 0
github.com/vmpx/vmp-x/cmd/vmpack/main.go:387.39,387.51 1 0
github.com/vmpx/vmp-x/cmd/vmpack/main.go:389.22,390.16 1 0
github.com/vmpx/vmp-x/cmd/vmpack/main.go:390.16,392.3 1 0
github.com/vmpx/vmp-x/cmd/vmpack/main.go:395.38,399.2 3 0
github.com/vmpx/vmp-x/cmd/dec/main.go:12.13,13.22 1 0
github.com/vmpx/vmp-x/cmd/dec/main.go:13.22,16.3 2 0
github.com/vmpx/vmp-x/cmd/dec/main.go:17.2,18.16 2 0
github.com/vmpx/vmp-x/cmd/dec/main.go:18.16,21.3 2 0
github.com/vmpx/vmp-x/cmd/dec/main.go:22.2,23.22 2 0
github.com/vmpx/vmp-x/cmd/dec/main.go:23.22,25.17 2 0
github.com/vmpx/vmp-x/cmd/dec/main.go:25.17,28.9 3 0
github.com/vmpx/vmp-x/cmd/dec/main.go:30.3,32.19 3 0
github.com/vmpx/vmp-x/cmd/dec/main.go:34.2,34.22 1 0
github.com/vmpx/vmp-x/cmd/dec/main.go:34.22,36.3 1 0
github.com/vmpx/vmp-x/cmd/trim/main.go:11.13,12.22 1 0
github.com/vmpx/vmp-x/cmd/trim/main.go:12.22,15.3 2 0
github.com/vmpx/vmp-x/cmd/trim/main.go:16.2,18.16 3 0
github.com/vmpx/vmp-x/cmd/trim/main.go:18.16,21.3 2 0
github.com/vmpx/vmp-x/cmd/trim/main.go:22.2,24.15 3 0
github.com/vmpx/vmp-x/cmd/trim/main.go:24.15,27.3 2 0
github.com/vmpx/vmp-x/cmd/trim/main.go:28.2,29.13 2 0
github.com/vmpx/vmp-x/cmd/trim/main.go:29.13,32.3 2 0
github.com/vmpx/vmp-x/cmd/trim/main.go:33.2,35.63 3 0
github.com/vmpx/vmp-x/cmd/trim/main.go:35.63,38.3 2 0
github.com/vmpx/vmp-x/cmd/trim/main.go:39.2,39.48 1 0
github.com/vmpx/vmp-x/cmd/extractpayload/main.go:16.13,36.45 17 0
github.com/vmpx/vmp-x/cmd/extractpayload/main.go:36.45,47.3 4 0
github.com/vmpx/vmp-x/cmd/extractpayload/main.go:50.22,51.16 1 0
github.com/vmpx/vmp-x/cmd/extractpayload/main.go:51.16,54.3 2 0
github.com/vmpx/vmp-x/cmd/pesyms/main.go:11.13,12.22 1 0
github.com/vmpx/vmp-x/cmd/pesyms/main.go:12.22,15.3 2 0
github.com/vmpx/vmp-x/cmd/pesyms/main.go:16.2,17.16 2 0
github.com/vmpx/vmp-x/cmd/pesyms/main.go:17.16,20.3 2 0
github.com/vmpx/vmp-x/cmd/pesyms/main.go:21.2,23.23 3 0
github.com/vmpx/vmp-x/cmd/pesyms/main.go:23.23,26.3 2 0
github.com/vmpx/vmp-x/cmd/pesyms/main.go:27.2,27.30 1 0
github.com/vmpx/vmp-x/cmd/pesyms/main.go:27.30,28.52 1 0
github.com/vmpx/vmp-x/cmd/pesyms/main.go:28.52,32.4 2 0
github.com/vmpx/vmp-x/cmd/patch/main.go:23.13,24.22 1 0
github.com/vmpx/vmp-x/cmd/patch/main.go:24.22,27.3 2 0
github.com/vmpx/vmp-x/cmd/patch/main.go:28.2,30.16 3 0
github.com/vmpx/vmp-x/cmd/patch/main.go:30.16,33.3 2 0
github.com/vmpx/vmp-x/cmd/patch/main.go:34.2,35.20 2 0
github.com/vmpx/vmp-x/cmd/patch/main.go:35.20,38.3 2 0
github.com/vmpx/vmp-x/cmd/patch/main.go:39.2,44.16 5 0
github.com/vmpx/vmp-x/cmd/patch/main.go:44.16,47.3 2 0
github.com/vmpx/vmp-x/cmd/patch/main.go:48.2,50.15 3 0
github.com/vmpx/vmp-x/cmd/patch/main.go:50.15,53.3 2 0
github.com/vmpx/vmp-x/cmd/patch/main.go:54.2,55.13 2 0
github.com/vmpx/vmp-x/cmd/patch/main.go:55.13,58.3 2 0
github.com/vmpx/vmp-x/cmd/patch/main.go:59.2,61.65 3 0
github.com/vmpx/vmp-x/cmd/patch/main.go:61.65,64.3 2 0
github.com/vmpx/vmp-x/cmd/patch/main.go:65.2,65.88 1 0
github.com/vmpx/vmp-x/cmd/coverage/main.go:14.13,15.22 1 0
github.com/vmpx/vmp-x/cmd/coverage/main.go:15.22,18.3 2 0
github.com/vmpx/vmp-x/cmd/coverage/main.go:19.2,20.32 2 0
github.com/vmpx/vmp-x/cmd/coverage/main.go:20.32,21.37 1 0
github.com/vmpx/vmp-x/cmd/coverage/main.go:21.37,23.12 2 0
github.com/vmpx/vmp-x/cmd/coverage/main.go:25.3,25.27 1 0
github.com/vmpx/vmp-x/cmd/coverage/main.go:27.2,27.26 1 0
github.com/vmpx/vmp-x/cmd/coverage/main.go:27.26,29.17 2 0
github.com/vmpx/vmp-x/cmd/coverage/main.go:29.17,31.12 2 0
github.com/vmpx/vmp-x/cmd/coverage/main.go:33.3,34.19 2 0
github.com/vmpx/vmp-x/cmd/coverage/main.go:34.19,36.4 1 0
github.com/vmpx/vmp-x/cmd/coverage/main.go:37.3,37.19 1 0
github.com/vmpx/vmp-x/cmd/coverage/main.go:37.19,39.12 2 0
github.com/vmpx/vmp-x/cmd/coverage/main.go:41.3,41.33 1 0
github.com/vmpx/vmp-x/cmd/coverage/main.go:41.33,42.14 1 0
github.com/vmpx/vmp-x/cmd/coverage/main.go:42.14,44.5 1 0
github.com/vmpx/vmp-x/cmd/coverage/main.go:45.4,45.40 1 0
github.com/vmpx/vmp-x/cmd/coverage/main.go:47.3,52.53 4 0
github.com/vmpx/vmp-x/cmd/coverage/main.go:52.53,54.4 1 0
github.com/vmpx/vmp-x/cmd/coverage/main.go:55.3,55.27 1 0
github.com/vmpx/vmp-x/cmd/coverage/main.go:55.27,57.52 2 0
github.com/vmpx/vmp-x/cmd/coverage/main.go:57.52,59.5 1 0
github.com/vmpx/vmp-x/cmd/coverage/main.go:61.3,62.50 2 0
github.com/vmpx/vmp-x/cmd/coverage/main.go:62.50,65.33 2 0
github.com/vmpx/vmp-x/cmd/coverage/main.go:65.33,66.81 1 0
github.com/vmpx/vmp-x/cmd/coverage/main.go:66.81,67.26 1 0
github.com/vmpx/vmp-x/cmd/coverage/main.go:67.26,69.7 1 0
github.com/vmpx/vmp-x/cmd/coverage/main.go:70.6,70.11 1 0
github.com/vmpx/vmp-x/cmd/coverage/main.go:74.3,74.24 1 0
github.com/vmpx/vmp-x/cmd/coverage/main.go:74.24,76.31 2 0
github.com/vmpx/vmp-x/cmd/coverage/main.go:76.31,78.5 1 0
github.com/vmpx/vmp-x/cmd/coverage/main.go:80.3,80.16 1 0
github.com/vmpx/vmp-x/cmd/elfobjdump/main.go:11.13,12.22 1 0
github.com/vmpx/vmp-x/cmd/elfobjdump/main.go:12.22,15.3 2 0
github.com/vmpx/vmp-x/cmd/elfobjdump/main.go:16.2,17.16 2 0
github.com/vmpx/vmp-x/cmd/elfobjdump/main.go:17.16,20.3 2 0
github.com/vmpx/vmp-x/cmd/elfobjdump/main.go:21.2,23.31 3 0
github.com/vmpx/vmp-x/cmd/elfobjdump/main.go:23.31,25.3 1 0
github.com/vmpx/vmp-x/cmd/elfobjdump/main.go:26.2,28.25 3 0
github.com/vmpx/vmp-x/cmd/elfobjdump/main.go:28.25,30.3 1 0
github.com/vmpx/vmp-x/cmd/elfobjdump/main.go:31.2,31.31 1 0
github.com/vmpx/vmp-x/cmd/elfobjdump/main.go:31.31,32.54 1 0
github.com/vmpx/vmp-x/cmd/elfobjdump/main.go:32.54,33.12 1 0
github.com/vmpx/vmp-x/cmd/elfobjdump/main.go:35.3,37.28 3 0
github.com/vmpx/vmp-x/cmd/elfobjdump/main.go:37.28,39.4 1 0
github.com/vmpx/vmp-x/cmd/elfobjdump/main.go:40.3,40.52 1 0
github.com/vmpx/vmp-x/cmd/elfobjdump/main.go:40.52,44.18 4 0
github.com/vmpx/vmp-x/cmd/elfobjdump/main.go:44.18,46.5 1 0
github.com/vmpx/vmp-x/cmd/elfobjdump/main.go:47.4,47.118 1 0
github.com/vmpx/vmp-x/cmd/splice/main.go:12.13,13.22 1 0
github.com/vmpx/vmp-x/cmd/splice/main.go:13.22,16.3 2 0
github.com/vmpx/vmp-x/cmd/splice/main.go:17.2,19.16 3 0
github.com/vmpx/vmp-x/cmd/splice/main.go:19.16,22.3 2 0
github.com/vmpx/vmp-x/cmd/splice/main.go:23.2,24.16 2 0
github.com/vmpx/vmp-x/cmd/splice/main.go:24.16,27.3 2 0
github.com/vmpx/vmp-x/cmd/splice/main.go:28.2,30.15 3 0
github.com/vmpx/vmp-x/cmd/splice/main.go:30.15,33.3 2 0
github.com/vmpx/vmp-x/cmd/splice/main.go:34.2,35.13 2 0
github.com/vmpx/vmp-x/cmd/splice/main.go:35.13,38.3 2 0
github.com/vmpx/vmp-x/cmd/splice/main.go:39.2,41.63 3 0
github.com/vmpx/vmp-x/cmd/splice/main.go:41.63,44.3 2 0
github.com/vmpx/vmp-x/cmd/splice/main.go:45.2,45.48 1 0
github.com/vmpx/vmp-x/cmd/writefile/main.go:11.13,12.22 1 0
github.com/vmpx/vmp-x/cmd/writefile/main.go:12.22,15.3 2 0
github.com/vmpx/vmp-x/cmd/writefile/main.go:16.2,17.16 2 0
github.com/vmpx/vmp-x/cmd/writefile/main.go:17.16,20.3 2 0
github.com/vmpx/vmp-x/cmd/writefile/main.go:21.2,21.59 1 0
github.com/vmpx/vmp-x/cmd/writefile/main.go:21.59,24.3 2 0
github.com/vmpx/vmp-x/cmd/writefile/main.go:25.2,25.62 1 0
github.com/vmpx/vmp-x/internal/coverage/coverage.go:65.44,66.17 1 0
github.com/vmpx/vmp-x/internal/coverage/coverage.go:66.17,68.3 1 0
github.com/vmpx/vmp-x/internal/coverage/coverage.go:69.2,69.24 1 0
github.com/vmpx/vmp-x/internal/coverage/coverage.go:72.30,74.16 2 0
github.com/vmpx/vmp-x/internal/coverage/coverage.go:74.16,76.3 1 0
github.com/vmpx/vmp-x/internal/coverage/coverage.go:77.2,78.13 2 0
github.com/vmpx/vmp-x/internal/coverage/coverage.go:82.76,85.24 3 0
github.com/vmpx/vmp-x/internal/coverage/coverage.go:85.24,88.22 2 0
github.com/vmpx/vmp-x/internal/coverage/coverage.go:88.22,91.4 2 0
github.com/vmpx/vmp-x/internal/coverage/coverage.go:92.3,95.21 4 0
github.com/vmpx/vmp-x/internal/coverage/coverage.go:96.8,99.23 2 0
github.com/vmpx/vmp-x/internal/coverage/coverage.go:99.23,101.36 2 0
github.com/vmpx/vmp-x/internal/coverage/coverage.go:101.36,103.10 2 0
github.com/vmpx/vmp-x/internal/coverage/coverage.go:105.4,106.20 2 0
github.com/vmpx/vmp-x/internal/coverage/coverage.go:109.3,110.19 2 0
github.com/vmpx/vmp-x/internal/coverage/coverage.go:110.19,112.4 1 0
github.com/vmpx/vmp-x/internal/coverage/coverage.go:115.3,119.38 3 0
github.com/vmpx/vmp-x/internal/coverage/coverage.go:121.2,122.15 2 0
github.com/vmpx/vmp-x/internal/coverage/coverage.go:122.15,124.36 2 0
github.com/vmpx/vmp-x/internal/coverage/coverage.go:124.36,127.45 3 0
github.com/vmpx/vmp-x/internal/coverage/coverage.go:127.45,129.5 1 0
github.com/vmpx/vmp-x/internal/coverage/coverage.go:131.4,131.43 1 0
github.com/vmpx/vmp-x/internal/coverage/coverage.go:131.43,133.47 2 0
github.com/vmpx/vmp-x/internal/coverage/coverage.go:133.47,135.22 2 0
github.com/vmpx/vmp-x/internal/coverage/coverage.go:135.22,137.7 1 0
github.com/vmpx/vmp-x/internal/coverage/coverage.go:141.4,141.48 1 0
github.com/vmpx/vmp-x/internal/coverage/coverage.go:141.48,142.50 1 0
github.com/vmpx/vmp-x/internal/coverage/coverage.go:142.50,143.54 1 0
github.com/vmpx/vmp-x/internal/coverage/coverage.go:143.54,145.7 1 0
github.com/vmpx/vmp-x/internal/coverage/coverage.go:148.4,148.35 1 0
github.com/vmpx/vmp-x/internal/coverage/coverage.go:148.35,150.5 1 0
github.com/vmpx/vmp-x/internal/coverage/coverage.go:151.4,152.23 2 0
github.com/vmpx/vmp-x/internal/coverage/coverage.go:155.2,156.11 2 0
github.com/vmpx/vmp-x/internal/coverage/coverage.go:159.39,163.9 4 0
github.com/vmpx/vmp-x/internal/coverage/coverage.go:164.22,165.11 1 0
github.com/vmpx/vmp-x/internal/coverage/coverage.go:166.19,167.11 1 0
github.com/vmpx/vmp-x/internal/coverage/coverage.go:168.10,169.14 1 0
github.com/vmpx/vmp-x/internal/coverage/coverage.go:171.2,171.54 1 0
github.com/vmpx/vmp-x/internal/coverage/coverage.go:171.54,173.3 1 0
github.com/vmpx/vmp-x/internal/coverage/coverage.go:176.49,179.2 1 0
github.com/vmpx/vmp-x/internal/coverage/coverage.go:183.47,185.16 2 0
github.com/vmpx/vmp-x/internal/coverage/coverage.go:185.16,187.3 1 0
github.com/vmpx/vmp-x/internal/coverage/coverage.go:188.2,190.19 3 0
github.com/vmpx/vmp-x/internal/coverage/coverage.go:191.21,192.21 1 0
github.com/vmpx/vmp-x/internal/coverage/coverage.go:193.22,194.20 1 0
github.com/vmpx/vmp-x/internal/coverage/coverage.go:195.10,197.16 2 0
github.com/vmpx/vmp-x/internal/coverage/coverage.go:199.2,200.16 2 0
github.com/vmpx/vmp-x/internal/coverage/coverage.go:200.16,202.3 1 0
github.com/vmpx/vmp-x/internal/coverage/coverage.go:203.2,203.25 1 0
github.com/vmpx/vmp-x/internal/coverage/coverage.go:203.25,204.57 1 0
github.com/vmpx/vmp-x/internal/coverage/coverage.go:204.57,205.12 1 0
github.com/vmpx/vmp-x/internal/coverage/coverage.go:207.3,207.49 1 0
github.com/vmpx/vmp-x/internal/coverage/coverage.go:207.49,208.12 1 0
github.com/vmpx/vmp-x/internal/coverage/coverage.go:210.3,210.40 1 0
github.com/vmpx/vmp-x/internal/coverage/coverage.go:210.40,211.12 1 0
github.com/vmpx/vmp-x/internal/coverage/coverage.go:213.3,214.39 2 0
github.com/vmpx/vmp-x/internal/coverage/coverage.go:214.39,215.12 1 0
github.com/vmpx/vmp-x/internal/coverage/coverage.go:217.3,218.40 2 0
github.com/vmpx/vmp-x/internal/coverage/coverage.go:218.40,219.12 1 0
github.com/vmpx/vmp-x/internal/coverage/coverage.go:221.3,222.45 2 0
github.com/vmpx/vmp-x/internal/coverage/coverage.go:222.45,223.12 1 0
github.com/vmpx/vmp-x/internal/coverage/coverage.go:225.3,225.42 1 0
github.com/vmpx/vmp-x/internal/coverage/coverage.go:225.42,226.34 1 0
github.com/vmpx/vmp-x/internal/coverage/coverage.go:226.34,227.52 1 0
github.com/vmpx/vmp-x/internal/coverage/coverage.go:227.52,228.14 1 0
github.com/vmpx/vmp-x/internal/coverage/coverage.go:230.5,231.57 2 0
github.com/vmpx/vmp-x/internal/coverage/coverage.go:231.57,233.19 2 0
github.com/vmpx/vmp-x/internal/coverage/coverage.go:233.19,235.7 1 0
github.com/vmpx/vmp-x/internal/coverage/coverage.go:236.6,237.34 2 0
github.com/vmpx/vmp-x/internal/coverage/coverage.go:240.4,240.14 1 0
github.com/vmpx/vmp-x/internal/coverage/coverage.go:242.3,243.16 2 0
github.com/vmpx/vmp-x/internal/coverage/coverage.go:245.2,245.15 1 0
github.com/vmpx/vmp-x/internal/coverage/coverage.go:250.46,252.16 2 0
github.com/vmpx/vmp-x/internal/coverage/coverage.go:252.16,254.3 1 0
github.com/vmpx/vmp-x/internal/coverage/coverage.go:255.2,257.20 3 0
github.com/vmpx/vmp-x/internal/coverage/coverage.go:258.35,259.18 1 0
github.com/vmpx/vmp-x/internal/coverage/coverage.go:260.35,261.17 1 0
github.com/vmpx/vmp-x/internal/coverage/coverage.go:263.2,264.47 2 0
github.com/vmpx/vmp-x/internal/coverage/coverage.go:264.47,267.3 2 0
github.com/vmpx/vmp-x/internal/coverage/coverage.go:269.2,270.32 2 0
github.com/vmpx/vmp-x/internal/coverage/coverage.go:270.32,271.25 1 0
github.com/vmpx/vmp-x/internal/coverage/coverage.go:271.25,273.9 2 0
github.com/vmpx/vmp-x/internal/coverage/coverage.go:276.2,276.18 1 0
github.com/vmpx/vmp-x/internal/coverage/coverage.go:276.18,279.3 2 0
github.com/vmpx/vmp-x/internal/coverage/coverage.go:280.2,281.17 2 0
github.com/vmpx/vmp-x/internal/coverage/coverage.go:281.17,283.3 1 0
github.com/vmpx/vmp-x/internal/coverage/coverage.go:284.2,284.47 1 0
github.com/vmpx/vmp-x/internal/coverage/coverage.go:284.47,287.33 3 0
github.com/vmpx/vmp-x/internal/coverage/coverage.go:287.33,288.12 1 0
github.com/vmpx/vmp-x/internal/coverage/coverage.go:290.3,291.10 2 0
github.com/vmpx/vmp-x/internal/coverage/coverage.go:291.10,292.12 1 0
github.com/vmpx/vmp-x/internal/coverage/coverage.go:294.3,294.43 1 0
github.com/vmpx/vmp-x/internal/coverage/coverage.go:294.43,296.11 2 0
github.com/vmpx/vmp-x/internal/coverage/coverage.go:296.11,298.5 1 0
github.com/vmpx/vmp-x/internal/coverage/coverage.go:299.4,299.12 1 0
github.com/vmpx/vmp-x/internal/coverage/coverage.go:301.3,302.16 2 0
github.com/vmpx/vmp-x/internal/coverage/coverage.go:304.2,304.15 1 0
github.com/vmpx/vmp-x/internal/coverage/coverage.go:307.28,309.2 1 0
github.com/vmpx/vmp-x/internal/coverage/coverage.go:312.68,313.32 1 0
github.com/vmpx/vmp-x/internal/coverage/coverage.go:313.32,314.74 1 0
github.com/vmpx/vmp-x/internal/coverage/coverage.go:314.74,315.12 1 0
github.com/vmpx/vmp-x/internal/coverage/coverage.go:317.3,318.17 2 0
github.com/vmpx/vmp-x/internal/coverage/coverage.go:318.17,320.4 1 0
github.com/vmpx/vmp-x/internal/coverage/coverage.go:321.3,322.34 2 0
github.com/vmpx/vmp-x/internal/coverage/coverage.go:322.34,324.4 1 0
github.com/vmpx/vmp-x/internal/coverage/coverage.go:325.3,325.44 1 0
github.com/vmpx/vmp-x/internal/coverage/coverage.go:327.2,327.22 1 0
github.com/vmpx/vmp-x/internal/coverage/coverage.go:331.36,332.33 1 0
github.com/vmpx/vmp-x/internal/coverage/coverage.go:332.33,333.56 1 0
github.com/vmpx/vmp-x/internal/coverage/coverage.go:333.56,335.4 1 0
github.com/vmpx/vmp-x/internal/coverage/coverage.go:337.2,337.14 1 0
github.com/vmpx/vmp-x/internal/coverage/coverage.go:341.44,347.22 3 0
github.com/vmpx/vmp-x/internal/coverage/coverage.go:347.22,349.3 1 0
github.com/vmpx/vmp-x/internal/coverage/coverage.go:350.2,350.37 1 0
github.com/vmpx/vmp-x/internal/coverage/coverage.go:350.37,351.25 1 0
github.com/vmpx/vmp-x/internal/coverage/coverage.go:351.25,353.4 1 0
github.com/vmpx/vmp-x/internal/coverage/coverage.go:354.3,354.27 1 0
github.com/vmpx/vmp-x/internal/coverage/coverage.go:356.2,357.40 2 0
github.com/vmpx/vmp-x/internal/coverage/coverage.go:357.40,359.3 1 0
github.com/vmpx/vmp-x/internal/coverage/coverage.go:360.2,360.12 1 0
github.com/vmpx/vmp-x/internal/ir/ir.go:40.30,41.11 1 0
github.com/vmpx/vmp-x/internal/ir/ir.go:42.13,43.16 1 0
github.com/vmpx/vmp-x/internal/ir/ir.go:44.14,45.18 1 0
github.com/vmpx/vmp-x/internal/ir/ir.go:46.13,47.17 1 0
github.com/vmpx/vmp-x/internal/ir/ir.go:49.2,51.25 2 0
github.com/vmpx/vmp-x/internal/ir/ir.go:51.25,53.3 1 0
github.com/vmpx/vmp-x/internal/ir/ir.go:54.2,54.13 1 0
github.com/vmpx/vmp-x/internal/ir/ir.go:234.29,235.11 1 0
github.com/vmpx/vmp-x/internal/ir/ir.go:236.11,237.15 1 0
github.com/vmpx/vmp-x/internal/ir/ir.go:238.13,239.18 1 0
github.com/vmpx/vmp-x/internal/ir/ir.go:240.13,241.18 1 0
github.com/vmpx/vmp-x/internal/ir/ir.go:242.11,243.15 1 0
github.com/vmpx/vmp-x/internal/ir/ir.go:244.13,245.18 1 0
github.com/vmpx/vmp-x/internal/ir/ir.go:246.13,247.18 1 0
github.com/vmpx/vmp-x/internal/ir/ir.go:248.12,249.17 1 0
github.com/vmpx/vmp-x/internal/ir/ir.go:250.13,251.18 1 0
github.com/vmpx/vmp-x/internal/ir/ir.go:252.13,253.18 1 0
github.com/vmpx/vmp-x/internal/ir/ir.go:254.11,255.15 1 0
github.com/vmpx/vmp-x/internal/ir/ir.go:256.12,257.16 1 0
github.com/vmpx/vmp-x/internal/ir/ir.go:258.13,259.17 1 0
github.com/vmpx/vmp-x/internal/ir/ir.go:260.13,261.18 1 0
github.com/vmpx/vmp-x/internal/ir/ir.go:262.13,263.18 1 0
github.com/vmpx/vmp-x/internal/ir/ir.go:264.12,265.17 1 0
github.com/vmpx/vmp-x/internal/ir/ir.go:266.11,267.15 1 0
github.com/vmpx/vmp-x/internal/ir/ir.go:268.11,269.15 1 0
github.com/vmpx/vmp-x/internal/ir/ir.go:270.13,271.16 1 0
github.com/vmpx/vmp-x/internal/ir/ir.go:272.13,273.15 1 0
github.com/vmpx/vmp-x/internal/ir/ir.go:274.14,275.16 1 0
github.com/vmpx/vmp-x/internal/ir/ir.go:276.11,277.15 1 0
github.com/vmpx/vmp-x/internal/ir/ir.go:278.12,279.16 1 0
github.com/vmpx/vmp-x/internal/ir/ir.go:281.2,281.12 1 0
github.com/vmpx/vmp-x/cmd/vmpbuild/blob.go:18.36,19.14 1 0
github.com/vmpx/vmp-x/cmd/vmpbuild/blob.go:20.53,21.14 1 0
github.com/vmpx/vmp-x/cmd/vmpbuild/blob.go:23.2,23.81 1 0
github.com/vmpx/vmp-x/cmd/vmpbuild/blob.go:23.81,24.33 1 0
github.com/vmpx/vmp-x/cmd/vmpbuild/blob.go:24.33,26.4 1 0
github.com/vmpx/vmp-x/cmd/vmpbuild/blob.go:28.2,28.14 1 0
github.com/vmpx/vmp-x/cmd/vmpbuild/blob.go:33.40,33.79 1 0
github.com/vmpx/vmp-x/cmd/vmpbuild/blob.go:35.74,43.28 3 0
github.com/vmpx/vmp-x/cmd/vmpbuild/blob.go:43.28,44.34 1 0
github.com/vmpx/vmp-x/cmd/vmpbuild/blob.go:44.34,45.108 1 0
github.com/vmpx/vmp-x/cmd/vmpbuild/blob.go:45.108,46.13 1 0
github.com/vmpx/vmp-x/cmd/vmpbuild/blob.go:50.4,51.22 2 0
github.com/vmpx/vmp-x/cmd/vmpbuild/blob.go:51.22,53.5 1 0
github.com/vmpx/vmp-x/cmd/vmpbuild/blob.go:54.4,54.28 1 0
github.com/vmpx/vmp-x/cmd/vmpbuild/blob.go:54.28,56.5 1 0
github.com/vmpx/vmp-x/cmd/vmpbuild/blob.go:57.4,60.22 4 0
github.com/vmpx/vmp-x/cmd/vmpbuild/blob.go:60.22,61.31 1 0
github.com/vmpx/vmp-x/cmd/vmpbuild/blob.go:61.31,63.6 1 0
github.com/vmpx/vmp-x/cmd/vmpbuild/blob.go:67.2,67.20 1 0
github.com/vmpx/vmp-x/cmd/vmpbuild/blob.go:67.20,69.3 1 0
github.com/vmpx/vmp-x/cmd/vmpbuild/blob.go:70.2,70.31 1 0
github.com/vmpx/vmp-x/cmd/vmpbuild/blob.go:74.99,76.31 2 1
github.com/vmpx/vmp-x/cmd/vmpbuild/blob.go:76.31,78.10 2 1
github.com/vmpx/vmp-x/cmd/vmpbuild/blob.go:78.10,79.12 1 0
github.com/vmpx/vmp-x/cmd/vmpbuild/blob.go:81.3,82.52 2 1
github.com/vmpx/vmp-x/cmd/vmpbuild/blob.go:82.52,84.4 1 0
github.com/vmpx/vmp-x/cmd/vmpbuild/blob.go:85.3,86.22 2 1
github.com/vmpx/vmp-x/cmd/vmpbuild/blob.go:86.22,89.4 1 0
github.com/vmpx/vmp-x/cmd/vmpbuild/blob.go:90.3,91.14 2 1
github.com/vmpx/vmp-x/cmd/vmpbuild/blob.go:91.14,94.4 1 0
github.com/vmpx/vmp-x/cmd/vmpbuild/blob.go:95.3,96.26 2 1
github.com/vmpx/vmp-x/cmd/vmpbuild/blob.go:96.26,98.4 1 0
github.com/vmpx/vmp-x/cmd/vmpbuild/blob.go:99.3,100.33 2 1
github.com/vmpx/vmp-x/cmd/vmpbuild/blob.go:100.33,101.51 1 1
github.com/vmpx/vmp-x/cmd/vmpbuild/blob.go:101.51,103.10 2 1
github.com/vmpx/vmp-x/cmd/vmpbuild/blob.go:106.3,108.17 2 1
github.com/vmpx/vmp-x/cmd/vmpbuild/blob.go:109.19,115.27 2 0
github.com/vmpx/vmp-x/cmd/vmpbuild/blob.go:115.27,117.5 1 0
github.com/vmpx/vmp-x/cmd/vmpbuild/blob.go:118.4,118.76 1 0
github.com/vmpx/vmp-x/cmd/vmpbuild/blob.go:119.27,122.20 2 1
github.com/vmpx/vmp-x/cmd/vmpbuild/blob.go:122.20,124.5 1 0
github.com/vmpx/vmp-x/cmd/vmpbuild/blob.go:125.4,126.40 2 1
github.com/vmpx/vmp-x/cmd/vmpbuild/blob.go:126.40,128.5 1 0
github.com/vmpx/vmp-x/cmd/vmpbuild/blob.go:129.4,131.53 3 1
github.com/vmpx/vmp-x/cmd/vmpbuild/blob.go:132.32,134.18 2 0
github.com/vmpx/vmp-x/cmd/vmpbuild/blob.go:134.18,136.5 1 0
github.com/vmpx/vmp-x/cmd/vmpbuild/blob.go:137.4,137.53 1 0
github.com/vmpx/vmp-x/cmd/vmpbuild/blob.go:138.29,139.118 1 0
github.com/vmpx/vmp-x/cmd/vmpbuild/blob.go:140.37,142.31 1 0
github.com/vmpx/vmp-x/cmd/vmpbuild/blob.go:143.11,144.96 1 0
github.com/vmpx/vmp-x/cmd/vmpbuild/blob.go:146.3,146.14 1 1
github.com/vmpx/vmp-x/cmd/vmpbuild/blob.go:146.14,150.4 2 0
github.com/vmpx/vmp-x/cmd/vmpbuild/blob.go:152.2,152.19 1 1
github.com/vmpx/vmp-x/cmd/vmpbuild/blob.go:170.59,174.26 3 0
github.com/vmpx/vmp-x/cmd/vmpbuild/blob.go:174.26,175.29 1 0
github.com/vmpx/vmp-x/cmd/vmpbuild/blob.go:175.29,176.33 1 0
github.com/vmpx/vmp-x/cmd/vmpbuild/blob.go:176.33,177.109 1 0
github.com/vmpx/vmp-x/cmd/vmpbuild/blob.go:177.109,178.14 1 0
github.com/vmpx/vmp-x/cmd/vmpbuild/blob.go:180.5,181.23 2 0
github.com/vmpx/vmp-x/cmd/vmpbuild/blob.go:181.23,183.6 1 0
github.com/vmpx/vmp-x/cmd/vmpbuild/blob.go:184.5,184.31 1 0
github.com/vmpx/vmp-x/cmd/vmpbuild/blob.go:184.31,186.6 1 0
github.com/vmpx/vmp-x/cmd/vmpbuild/blob.go:187.5,190.23 4 0
github.com/vmpx/vmp-x/cmd/vmpbuild/blob.go:190.23,191.34 1 0
github.com/vmpx/vmp-x/cmd/vmpbuild/blob.go:191.34,193.7 1 0
github.com/vmpx/vmp-x/cmd/vmpbuild/blob.go:198.2,198.24 1 0
github.com/vmpx/vmp-x/cmd/vmpbuild/blob.go:198.24,200.3 1 0
github.com/vmpx/vmp-x/cmd/vmpbuild/blob.go:201.2,201.26 1 0
github.com/vmpx/vmp-x/cmd/vmpbuild/blob.go:201.26,202.31 1 0
github.com/vmpx/vmp-x/cmd/vmpbuild/blob.go:202.31,203.17 1 0
github.com/vmpx/vmp-x/cmd/vmpbuild/blob.go:203.17,204.13 1 0
github.com/vmpx/vmp-x/cmd/vmpbuild/blob.go:206.4,207.11 2 0
github.com/vmpx/vmp-x/cmd/vmpbuild/blob.go:207.11,208.13 1 0
github.com/vmpx/vmp-x/cmd/vmpbuild/blob.go:211.4,211.112 1 0
github.com/vmpx/vmp-x/cmd/vmpbuild/blob.go:211.112,212.13 1 0
github.com/vmpx/vmp-x/cmd/vmpbuild/blob.go:214.4,215.57 2 0
github.com/vmpx/vmp-x/cmd/vmpbuild/blob.go:215.57,219.23 1 0
github.com/vmpx/vmp-x/cmd/vmpbuild/blob.go:219.23,221.6 1 0
github.com/vmpx/vmp-x/cmd/vmpbuild/blob.go:222.5,222.13 1 0
github.com/vmpx/vmp-x/cmd/vmpbuild/blob.go:224.4,224.26 1 0
github.com/vmpx/vmp-x/cmd/vmpbuild/blob.go:227.2,227.15 1 0
github.com/vmpx/vmp-x/cmd/vmpbuild/blob.go:231.81,233.26 2 0
github.com/vmpx/vmp-x/cmd/vmpbuild/blob.go:233.26,234.30 1 0
github.com/vmpx/vmp-x/cmd/vmpbuild/blob.go:234.30,236.11 2 0
github.com/vmpx/vmp-x/cmd/vmpbuild/blob.go:236.11,237.13 1 0
github.com/vmpx/vmp-x/cmd/vmpbuild/blob.go:239.4,241.29 3 0
github.com/vmpx/vmp-x/cmd/vmpbuild/blob.go:241.29,243.5 1 0
github.com/vmpx/vmp-x/cmd/vmpbuild/blob.go:245.4,246.24 2 0
github.com/vmpx/vmp-x/cmd/vmpbuild/blob.go:246.24,248.12 2 0
github.com/vmpx/vmp-x/cmd/vmpbuild/blob.go:248.12,250.6 1 0
github.com/vmpx/vmp-x/cmd/vmpbuild/blob.go:251.5,252.33 2 0
github.com/vmpx/vmp-x/cmd/vmpbuild/blob.go:252.33,253.53 1 0
github.com/vmpx/vmp-x/cmd/vmpbuild/blob.go:253.53,255.12 2 0
github.com/vmpx/vmp-x/cmd/vmpbuild/blob.go:258.5,258.43 1 0
github.com/vmpx/vmp-x/cmd/vmpbuild/blob.go:259.10,261.12 2 0
github.com/vmpx/vmp-x/cmd/vmpbuild/blob.go:261.12,263.6 1 0
github.com/vmpx/vmp-x/cmd/vmpbuild/blob.go:264.5,264.33 1 0
github.com/vmpx/vmp-x/cmd/vmpbuild/blob.go:266.4,266.18 1 0
github.com/vmpx/vmp-x/cmd/vmpbuild/blob.go:267.20,269.26 2 0
github.com/vmpx/vmp-x/cmd/vmpbuild/blob.go:269.26,271.6 1 0
github.com/vmpx/vmp-x/cmd/vmpbuild/blob.go:272.5,272.79 1 0
github.com/vmpx/vmp-x/cmd/vmpbuild/blob.go:273.28,275.21 2 0
github.com/vmpx/vmp-x/cmd/vmpbuild/blob.go:275.21,277.6 1 0
github.com/vmpx/vmp-x/cmd/vmpbuild/blob.go:278.5,279.41 2 0
github.com/vmpx/vmp-x/cmd/vmpbuild/blob.go:279.41,283.6 1 0
github.com/vmpx/vmp-x/cmd/vmpbuild/blob.go:284.5,286.56 3 0
github.com/vmpx/vmp-x/cmd/vmpbuild/blob.go:287.33,289.19 2 0
github.com/vmpx/vmp-x/cmd/vmpbuild/blob.go:289.19,291.6 1 0
github.com/vmpx/vmp-x/cmd/vmpbuild/blob.go:292.5,292.56 1 0
github.com/vmpx/vmp-x/cmd/vmpbuild/blob.go:293.30,294.123 1 0
github.com/vmpx/vmp-x/cmd/vmpbuild/blob.go:295.28,297.19 2 0
github.com/vmpx/vmp-x/cmd/vmpbuild/blob.go:297.19,299.6 1 0
github.com/vmpx/vmp-x/cmd/vmpbuild/blob.go:300.5,300.56 1 0
github.com/vmpx/vmp-x/cmd/vmpbuild/blob.go:301.12,302.145 1 0
github.com/vmpx/vmp-x/cmd/vmpbuild/blob.go:304.4,304.15 1 0
github.com/vmpx/vmp-x/cmd/vmpbuild/blob.go:304.15,306.5 1 0
github.com/vmpx/vmp-x/cmd/vmpbuild/blob.go:309.2,309.19 1 0
github.com/vmpx/vmp-x/cmd/vmpbuild/blob.go:315.71,317.37 2 1
github.com/vmpx/vmp-x/cmd/vmpbuild/blob.go:317.37,319.3 1 0
github.com/vmpx/vmp-x/cmd/vmpbuild/blob.go:320.2,324.18 5 1
github.com/vmpx/vmp-x/cmd/vmpbuild/blob.go:328.58,332.2 3 1
github.com/vmpx/vmp-x/cmd/vmpbuild/main.go:70.13,89.12 18 0
github.com/vmpx/vmp-x/cmd/vmpbuild/main.go:89.12,91.3 1 0
github.com/vmpx/vmp-x/cmd/vmpbuild/main.go:92.2,92.19 1 0
github.com/vmpx/vmp-x/cmd/vmpbuild/main.go:92.19,94.3 1 0
github.com/vmpx/vmp-x/cmd/vmpbuild/main.go:99.2,106.14 8 0
github.com/vmpx/vmp-x/cmd/vmpbuild/main.go:106.14,108.3 1 0
github.com/vmpx/vmp-x/cmd/vmpbuild/main.go:113.2,114.16 2 0
github.com/vmpx/vmp-x/cmd/vmpbuild/main.go:114.16,117.3 2 0
github.com/vmpx/vmp-x/cmd/vmpbuild/main.go:118.2,121.16 4 0
github.com/vmpx/vmp-x/cmd/vmpbuild/main.go:122.12,124.26 2 0
github.com/vmpx/vmp-x/cmd/vmpbuild/main.go:124.26,128.4 3 0
github.com/vmpx/vmp-x/cmd/vmpbuild/main.go:129.3,132.13 4 0
github.com/vmpx/vmp-x/cmd/vmpbuild/main.go:133.16,135.20 2 0
github.com/vmpx/vmp-x/cmd/vmpbuild/main.go:135.20,138.4 2 0
github.com/vmpx/vmp-x/cmd/vmpbuild/main.go:139.3,141.14 3 0
github.com/vmpx/vmp-x/cmd/vmpbuild/main.go:142.10,143.62 1 0
github.com/vmpx/vmp-x/cmd/vmpbuild/main.go:146.2,150.25 4 0
github.com/vmpx/vmp-x/cmd/vmpbuild/main.go:150.25,153.19 3 0
github.com/vmpx/vmp-x/cmd/vmpbuild/main.go:153.19,155.4 1 0
github.com/vmpx/vmp-x/cmd/vmpbuild/main.go:157.2,157.20 1 0
github.com/vmpx/vmp-x/cmd/vmpbuild/main.go:157.20,160.3 2 0
github.com/vmpx/vmp-x/cmd/vmpbuild/main.go:161.2,161.28 1 0
github.com/vmpx/vmp-x/cmd/vmpbuild/main.go:161.28,163.3 1 0
github.com/vmpx/vmp-x/cmd/vmpbuild/main.go:164.2,172.19 3 0
github.com/vmpx/vmp-x/cmd/vmpbuild/main.go:172.19,177.35 5 0
github.com/vmpx/vmp-x/cmd/vmpbuild/main.go:177.35,179.4 1 0
github.com/vmpx/vmp-x/cmd/vmpbuild/main.go:180.8,186.36 6 0
github.com/vmpx/vmp-x/cmd/vmpbuild/main.go:186.36,187.18 1 0
github.com/vmpx/vmp-x/cmd/vmpbuild/main.go:187.18,188.41 1 0
github.com/vmpx/vmp-x/cmd/vmpbuild/main.go:188.41,190.6 1 0
github.com/vmpx/vmp-x/cmd/vmpbuild/main.go:195.2,196.9 2 0
github.com/vmpx/vmp-x/cmd/vmpbuild/main.go:196.9,198.23 2 0
github.com/vmpx/vmp-x/cmd/vmpbuild/main.go:198.23,200.4 1 0
github.com/vmpx/vmp-x/cmd/vmpbuild/main.go:201.3,202.97 2 0
github.com/vmpx/vmp-x/cmd/vmpbuild/main.go:205.2,210.29 4 0
github.com/vmpx/vmp-x/cmd/vmpbuild/main.go:210.29,211.37 1 0
github.com/vmpx/vmp-x/cmd/vmpbuild/main.go:211.37,215.4 2 0
github.com/vmpx/vmp-x/cmd/vmpbuild/main.go:218.2,244.29 6 0
github.com/vmpx/vmp-x/cmd/vmpbuild/main.go:244.29,246.3 1 0
github.com/vmpx/vmp-x/cmd/vmpbuild/main.go:247.2,251.40 4 0
github.com/vmpx/vmp-x/cmd/vmpbuild/main.go:257.36,258.22 1 0
github.com/vmpx/vmp-x/cmd/vmpbuild/main.go:258.22,260.3 1 0
github.com/vmpx/vmp-x/cmd/vmpbuild/main.go:261.2,261.11 1 0
github.com/vmpx/vmp-x/cmd/vmpbuild/main.go:268.84,270.51 2 0
github.com/vmpx/vmp-x/cmd/vmpbuild/main.go:270.51,272.3 1 0
github.com/vmpx/vmp-x/cmd/vmpbuild/main.go:273.2,294.28 6 0
github.com/vmpx/vmp-x/cmd/vmpbuild/main.go:294.28,296.3 1 0
github.com/vmpx/vmp-x/cmd/vmpbuild/main.go:297.2,297.12 1 0
github.com/vmpx/vmp-x/cmd/vmpbuild/main.go:297.12,299.30 2 0
github.com/vmpx/vmp-x/cmd/vmpbuild/main.go:299.30,301.4 1 0
github.com/vmpx/vmp-x/cmd/vmpbuild/main.go:302.3,303.41 2 0
github.com/vmpx/vmp-x/cmd/vmpbuild/main.go:303.41,303.80 1 0
github.com/vmpx/vmp-x/cmd/vmpbuild/main.go:304.3,304.19 1 0
github.com/vmpx/vmp-x/cmd/vmpbuild/main.go:307.2,311.28 5 0
github.com/vmpx/vmp-x/cmd/vmpbuild/main.go:311.28,314.3 2 0
github.com/vmpx/vmp-x/cmd/vmpbuild/main.go:315.2,316.74 2 0
github.com/vmpx/vmp-x/cmd/vmpbuild/main.go:316.74,318.3 1 0
github.com/vmpx/vmp-x/cmd/vmpbuild/main.go:319.2,319.28 1 0
github.com/vmpx/vmp-x/cmd/vmpbuild/main.go:327.58,330.51 3 0
github.com/vmpx/vmp-x/cmd/vmpbuild/main.go:330.51,332.3 1 0
github.com/vmpx/vmp-x/cmd/vmpbuild/main.go:333.2,335.21 3 0
github.com/vmpx/vmp-x/cmd/vmpbuild/main.go:335.21,337.3 1 0
github.com/vmpx/vmp-x/cmd/vmpbuild/main.go:338.2,342.24 5 0
github.com/vmpx/vmp-x/cmd/vmpbuild/main.go:342.24,343.12 1 0
github.com/vmpx/vmp-x/cmd/vmpbuild/main.go:343.12,345.4 1 0
github.com/vmpx/vmp-x/cmd/vmpbuild/main.go:346.3,346.32 1 0
github.com/vmpx/vmp-x/cmd/vmpbuild/main.go:348.2,351.68 4 0
github.com/vmpx/vmp-x/cmd/vmpbuild/main.go:351.68,353.3 1 0
github.com/vmpx/vmp-x/cmd/vmpbuild/main.go:354.2,354.39 1 0
github.com/vmpx/vmp-x/cmd/vmpbuild/main.go:358.56,359.25 1 0
github.com/vmpx/vmp-x/cmd/vmpbuild/main.go:359.25,360.16 1 0
github.com/vmpx/vmp-x/cmd/vmpbuild/main.go:360.16,362.4 1 0
github.com/vmpx/vmp-x/cmd/vmpbuild/main.go:364.2,364.27 1 0
github.com/vmpx/vmp-x/cmd/vmpbuild/main.go:367.112,371.50 1 0
github.com/vmpx/vmp-x/cmd/vmpbuild/main.go:371.50,373.3 1 0
github.com/vmpx/vmp-x/cmd/vmpbuild/main.go:375.2,376.16 2 0
github.com/vmpx/vmp-x/cmd/vmpbuild/main.go:376.16,378.3 1 0
github.com/vmpx/vmp-x/cmd/vmpbuild/main.go:379.2,381.75 3 0
github.com/vmpx/vmp-x/cmd/vmpbuild/main.go:381.75,383.3 1 0
github.com/vmpx/vmp-x/cmd/vmpbuild/main.go:386.2,388.73 3 0
github.com/vmpx/vmp-x/cmd/vmpbuild/main.go:388.73,391.3 2 0
github.com/vmpx/vmp-x/cmd/vmpbuild/main.go:394.2,395.34 2 0
github.com/vmpx/vmp-x/cmd/vmpbuild/main.go:395.34,397.3 1 0
github.com/vmpx/vmp-x/cmd/vmpbuild/main.go:399.2,411.15 2 0
github.com/vmpx/vmp-x/cmd/vmpbuild/main.go:411.15,413.3 1 0
github.com/vmpx/vmp-x/cmd/vmpbuild/main.go:419.2,420.94 2 0
github.com/vmpx/vmp-x/cmd/vmpbuild/main.go:420.94,422.3 1 0
github.com/vmpx/vmp-x/cmd/vmpbuild/main.go:425.2,426.16 2 0
github.com/vmpx/vmp-x/cmd/vmpbuild/main.go:426.16,428.3 1 0
github.com/vmpx/vmp-x/cmd/vmpbuild/main.go:433.2,434.22 2 0
github.com/vmpx/vmp-x/cmd/vmpbuild/main.go:434.22,437.3 1 0
github.com/vmpx/vmp-x/cmd/vmpbuild/main.go:439.2,440.34 2 0
github.com/vmpx/vmp-x/cmd/vmpbuild/main.go:440.34,442.45 2 0
github.com/vmpx/vmp-x/cmd/vmpbuild/main.go:442.45,444.4 1 0
github.com/vmpx/vmp-x/cmd/vmpbuild/main.go:445.3,455.23 4 0
github.com/vmpx/vmp-x/cmd/vmpbuild/main.go:455.23,461.4 1 0
github.com/vmpx/vmp-x/cmd/vmpbuild/main.go:462.3,462.24 1 0
github.com/vmpx/vmp-x/cmd/vmpbuild/main.go:462.24,464.4 1 0
github.com/vmpx/vmp-x/cmd/vmpbuild/main.go:465.3,466.14 2 0
github.com/vmpx/vmp-x/cmd/vmpbuild/main.go:466.14,468.4 1 0
github.com/vmpx/vmp-x/cmd/vmpbuild/main.go:469.3,473.24 5 0
github.com/vmpx/vmp-x/cmd/vmpbuild/main.go:473.24,475.4 1 0
github.com/vmpx/vmp-x/cmd/vmpbuild/main.go:476.3,476.17 1 0
github.com/vmpx/vmp-x/cmd/vmpbuild/main.go:476.17,478.4 1 0
github.com/vmpx/vmp-x/cmd/vmpbuild/main.go:480.3,480.51 1 0
github.com/vmpx/vmp-x/cmd/vmpbuild/main.go:482.2,482.20 1 0
github.com/vmpx/vmp-x/cmd/vmpbuild/main.go:482.20,484.3 1 0
github.com/vmpx/vmp-x/cmd/vmpbuild/main.go:486.2,486.18 1 0
github.com/vmpx/vmp-x/cmd/vmpbuild/main.go:490.44,492.26 2 0
github.com/vmpx/vmp-x/cmd/vmpbuild/main.go:492.26,496.3 3 0
github.com/vmpx/vmp-x/cmd/vmpbuild/main.go:497.2,497.12 1 0
github.com/vmpx/vmp-x/cmd/vmpbuild/main.go:501.75,504.13 3 0
github.com/vmpx/vmp-x/cmd/vmpbuild/main.go:504.13,506.3 1 0
github.com/vmpx/vmp-x/cmd/vmpbuild/main.go:507.2,510.20 4 0
github.com/vmpx/vmp-x/cmd/vmpbuild/main.go:510.20,512.3 1 0
github.com/vmpx/vmp-x/cmd/vmpbuild/main.go:513.2,513.16 1 0
github.com/vmpx/vmp-x/cmd/vmpbuild/main.go:513.16,515.3 1 0
github.com/vmpx/vmp-x/cmd/vmpbuild/main.go:516.2,516.17 1 0
github.com/vmpx/vmp-x/cmd/vmpbuild/main.go:520.40,521.79 1 0
github.com/vmpx/vmp-x/cmd/vmpbuild/main.go:521.79,522.17 1 0
github.com/vmpx/vmp-x/cmd/vmpbuild/main.go:522.17,524.4 1 0
github.com/vmpx/vmp-x/cmd/vmpbuild/main.go:525.3,526.17 2 0
github.com/vmpx/vmp-x/cmd/vmpbuild/main.go:526.17,528.4 1 0
github.com/vmpx/vmp-x/cmd/vmpbuild/main.go:529.3,530.19 2 0
github.com/vmpx/vmp-x/cmd/vmpbuild/main.go:530.19,532.4 1 0
github.com/vmpx/vmp-x/cmd/vmpbuild/main.go:533.3,534.17 2 0
github.com/vmpx/vmp-x/cmd/vmpbuild/main.go:534.17,536.4 1 0
github.com/vmpx/vmp-x/cmd/vmpbuild/main.go:537.3,537.40 1 0
github.com/vmpx/vmp-x/cmd/vmpbuild/main.go:542.51,544.16 2 0
github.com/vmpx/vmp-x/cmd/vmpbuild/main.go:544.16,546.3 1 0
github.com/vmpx/vmp-x/cmd/vmpbuild/main.go:547.2,548.54 2 0
github.com/vmpx/vmp-x/cmd/vmpbuild/main.go:548.54,550.49 2 0
github.com/vmpx/vmp-x/cmd/vmpbuild/main.go:550.49,551.12 1 0
github.com/vmpx/vmp-x/cmd/vmpbuild/main.go:553.3,553.26 1 0
github.com/vmpx/vmp-x/cmd/vmpbuild/main.go:555.2,555.19 1 0
github.com/vmpx/vmp-x/cmd/vmpbuild/main.go:555.19,557.3 1 0
github.com/vmpx/vmp-x/cmd/vmpbuild/main.go:558.2,558.17 1 0
github.com/vmpx/vmp-x/cmd/vmpbuild/main.go:562.81,564.16 2 0
github.com/vmpx/vmp-x/cmd/vmpbuild/main.go:564.16,566.3 1 0
github.com/vmpx/vmp-x/cmd/vmpbuild/main.go:567.2,569.60 3 0
github.com/vmpx/vmp-x/cmd/vmpbuild/main.go:569.60,571.18 2 0
github.com/vmpx/vmp-x/cmd/vmpbuild/main.go:571.18,573.4 1 0
github.com/vmpx/vmp-x/cmd/vmpbuild/main.go:574.3,574.21 1 0
github.com/vmpx/vmp-x/cmd/vmpbuild/main.go:576.2,576.56 1 0
github.com/vmpx/vmp-x/cmd/vmpbuild/main.go:576.56,578.3 1 0
github.com/vmpx/vmp-x/cmd/vmpbuild/main.go:582.2,582.56 1 0
github.com/vmpx/vmp-x/cmd/vmpbuild/main.go:582.56,584.3 1 0
github.com/vmpx/vmp-x/cmd/vmpbuild/main.go:585.2,585.80 1 0
github.com/vmpx/vmp-x/cmd/vmpbuild/main.go:589.70,591.16 2 0
github.com/vmpx/vmp-x/cmd/vmpbuild/main.go:591.16,596.3 2 0
github.com/vmpx/vmp-x/cmd/vmpbuild/main.go:597.2,609.56 10 0
github.com/vmpx/vmp-x/cmd/vmpbuild/main.go:609.56,610.51 1 0
github.com/vmpx/vmp-x/cmd/vmpbuild/main.go:610.51,612.4 1 0
github.com/vmpx/vmp-x/cmd/vmpbuild/main.go:613.3,613.31 1 0
github.com/vmpx/vmp-x/cmd/vmpbuild/main.go:613.31,615.15 2 0
github.com/vmpx/vmp-x/cmd/vmpbuild/main.go:615.15,617.5 1 0
github.com/vmpx/vmp-x/cmd/vmpbuild/main.go:618.4,618.20 1 0
github.com/vmpx/vmp-x/cmd/vmpbuild/main.go:618.20,620.5 1 0
github.com/vmpx/vmp-x/cmd/vmpbuild/main.go:622.3,622.52 1 0
github.com/vmpx/vmp-x/cmd/vmpbuild/main.go:622.52,624.4 1 0
github.com/vmpx/vmp-x/cmd/vmpbuild/main.go:625.3,625.55 1 0
github.com/vmpx/vmp-x/cmd/vmpbuild/main.go:625.55,627.4 1 0
github.com/vmpx/vmp-x/cmd/vmpbuild/main.go:628.3,628.55 1 0
github.com/vmpx/vmp-x/cmd/vmpbuild/main.go:628.55,630.4 1 0
github.com/vmpx/vmp-x/cmd/vmpbuild/main.go:631.3,631.53 1 0
github.com/vmpx/vmp-x/cmd/vmpbuild/main.go:631.53,634.4 2 0
github.com/vmpx/vmp-x/cmd/vmpbuild/main.go:635.3,635.55 1 0
github.com/vmpx/vmp-x/cmd/vmpbuild/main.go:635.55,637.4 1 0
github.com/vmpx/vmp-x/cmd/vmpbuild/main.go:639.2,639.14 1 0
github.com/vmpx/vmp-x/cmd/vmpbuild/main.go:639.14,642.3 1 0
github.com/vmpx/vmp-x/cmd/vmpbuild/main.go:643.2,643.17 1 0
github.com/vmpx/vmp-x/cmd/vmpbuild/main.go:647.29,648.22 1 0
github.com/vmpx/vmp-x/cmd/vmpbuild/main.go:648.22,649.14 1 0
github.com/vmpx/vmp-x/cmd/vmpbuild/main.go:649.14,651.4 1 0
github.com/vmpx/vmp-x/cmd/vmpbuild/main.go:653.2,653.13 1 0
github.com/vmpx/vmp-x/cmd/vmpbuild/main.go:656.22,657.16 1 0
github.com/vmpx/vmp-x/cmd/vmpbuild/main.go:657.16,659.3 1 0
github.com/vmpx/vmp-x/cmd/vmpbuild/main.go:662.38,665.2 2 0
github.com/vmpx/vmp-x/cmd/vmpbuild/objfile.go:65.48,67.16 2 0
github.com/vmpx/vmp-x/cmd/vmpbuild/objfile.go:67.16,69.3 1 0
github.com/vmpx/vmp-x/cmd/vmpbuild/objfile.go:72.2,72.78 1 0
github.com/vmpx/vmp-x/cmd/vmpbuild/objfile.go:72.78,74.3 1 0
github.com/vmpx/vmp-x/cmd/vmpbuild/objfile.go:75.2,75.29 1 0
github.com/vmpx/vmp-x/cmd/vmpbuild/objfile.go:80.52,82.16 2 0
github.com/vmpx/vmp-x/cmd/vmpbuild/objfile.go:82.16,84.3 1 0
github.com/vmpx/vmp-x/cmd/vmpbuild/objfile.go:85.2,90.31 4 0
github.com/vmpx/vmp-x/cmd/vmpbuild/objfile.go:90.31,92.18 2 0
github.com/vmpx/vmp-x/cmd/vmpbuild/objfile.go:92.18,96.4 1 0
github.com/vmpx/vmp-x/cmd/vmpbuild/objfile.go:97.3,97.86 1 0
github.com/vmpx/vmp-x/cmd/vmpbuild/objfile.go:99.2,99.31 1 0
github.com/vmpx/vmp-x/cmd/vmpbuild/objfile.go:99.31,103.27 4 0
github.com/vmpx/vmp-x/cmd/vmpbuild/objfile.go:103.27,105.4 1 0
github.com/vmpx/vmp-x/cmd/vmpbuild/objfile.go:107.3,108.26 2 0
github.com/vmpx/vmp-x/cmd/vmpbuild/objfile.go:108.26,110.4 1 0
github.com/vmpx/vmp-x/cmd/vmpbuild/objfile.go:111.3,111.111 1 0
github.com/vmpx/vmp-x/cmd/vmpbuild/objfile.go:113.2,113.31 1 0
github.com/vmpx/vmp-x/cmd/vmpbuild/objfile.go:113.31,114.30 1 0
github.com/vmpx/vmp-x/cmd/vmpbuild/objfile.go:114.30,117.50 3 0
github.com/vmpx/vmp-x/cmd/vmpbuild/objfile.go:117.50,120.5 2 0
github.com/vmpx/vmp-x/cmd/vmpbuild/objfile.go:122.4,123.60 2 0
github.com/vmpx/vmp-x/cmd/vmpbuild/objfile.go:123.61,124.5 0 0
github.com/vmpx/vmp-x/cmd/vmpbuild/objfile.go:126.4,127.44 2 0
github.com/vmpx/vmp-x/cmd/vmpbuild/objfile.go:127.44,129.5 1 0
github.com/vmpx/vmp-x/cmd/vmpbuild/objfile.go:130.4,131.19 2 0
github.com/vmpx/vmp-x/cmd/vmpbuild/objfile.go:131.19,136.19 1 0
github.com/vmpx/vmp-x/cmd/vmpbuild/objfile.go:137.31,139.35 2 0
github.com/vmpx/vmp-x/cmd/vmpbuild/objfile.go:140.36,142.40 2 0
github.com/vmpx/vmp-x/cmd/vmpbuild/objfile.go:143.36,145.37 2 0
github.com/vmpx/vmp-x/cmd/vmpbuild/objfile.go:146.36,148.35 2 0
github.com/vmpx/vmp-x/cmd/vmpbuild/objfile.go:149.13,150.31 1 0
github.com/vmpx/vmp-x/cmd/vmpbuild/objfile.go:152.5,153.13 2 0
github.com/vmpx/vmp-x/cmd/vmpbuild/objfile.go:155.4,155.11 1 0
github.com/vmpx/vmp-x/cmd/vmpbuild/objfile.go:156.33,157.26 1 0
github.com/vmpx/vmp-x/cmd/vmpbuild/objfile.go:158.63,160.46 2 0
github.com/vmpx/vmp-x/cmd/vmpbuild/objfile.go:161.64,162.29 1 0
github.com/vmpx/vmp-x/cmd/vmpbuild/objfile.go:163.34,164.29 1 0
github.com/vmpx/vmp-x/cmd/vmpbuild/objfile.go:165.12,166.30 1 0
github.com/vmpx/vmp-x/cmd/vmpbuild/objfile.go:168.4,168.40 1 0
github.com/vmpx/vmp-x/cmd/vmpbuild/objfile.go:171.2,171.17 1 0
github.com/vmpx/vmp-x/cmd/vmpbuild/objfile.go:199.51,201.16 2 0
github.com/vmpx/vmp-x/cmd/vmpbuild/objfile.go:201.16,203.3 1 0
github.com/vmpx/vmp-x/cmd/vmpbuild/objfile.go:204.2,205.26 2 0
github.com/vmpx/vmp-x/cmd/vmpbuild/objfile.go:205.26,207.3 1 0
github.com/vmpx/vmp-x/cmd/vmpbuild/objfile.go:208.2,208.63 1 0
github.com/vmpx/vmp-x/cmd/vmpbuild/objfile.go:208.63,210.3 1 0
github.com/vmpx/vmp-x/cmd/vmpbuild/objfile.go:212.2,213.31 2 0
github.com/vmpx/vmp-x/cmd/vmpbuild/objfile.go:213.31,215.18 2 0
github.com/vmpx/vmp-x/cmd/vmpbuild/objfile.go:215.18,220.32 1 0
github.com/vmpx/vmp-x/cmd/vmpbuild/objfile.go:220.32,222.5 1 0
github.com/vmpx/vmp-x/cmd/vmpbuild/objfile.go:222.10,224.5 1 0
github.com/vmpx/vmp-x/cmd/vmpbuild/objfile.go:226.3,226.86 1 0
github.com/vmpx/vmp-x/cmd/vmpbuild/objfile.go:230.2,231.16 2 0
github.com/vmpx/vmp-x/cmd/vmpbuild/objfile.go:231.16,233.3 1 0
github.com/vmpx/vmp-x/cmd/vmpbuild/objfile.go:234.2,234.22 1 0
github.com/vmpx/vmp-x/cmd/vmpbuild/objfile.go:234.22,239.66 3 0
github.com/vmpx/vmp-x/cmd/vmpbuild/objfile.go:239.66,241.4 1 0
github.com/vmpx/vmp-x/cmd/vmpbuild/objfile.go:242.3,243.83 2 0
github.com/vmpx/vmp-x/cmd/vmpbuild/objfile.go:243.83,245.4 1 0
github.com/vmpx/vmp-x/cmd/vmpbuild/objfile.go:246.3,246.105 1 0
github.com/vmpx/vmp-x/cmd/vmpbuild/objfile.go:250.2,250.31 1 0
github.com/vmpx/vmp-x/cmd/vmpbuild/objfile.go:250.31,251.54 1 0
github.com/vmpx/vmp-x/cmd/vmpbuild/objfile.go:251.54,252.12 1 0
github.com/vmpx/vmp-x/cmd/vmpbuild/objfile.go:254.3,256.18 3 0
github.com/vmpx/vmp-x/cmd/vmpbuild/objfile.go:256.18,258.4 1 0
github.com/vmpx/vmp-x/cmd/vmpbuild/objfile.go:259.3,259.29 1 0
github.com/vmpx/vmp-x/cmd/vmpbuild/objfile.go:259.29,260.49 1 0
github.com/vmpx/vmp-x/cmd/vmpbuild/objfile.go:260.49,265.5 4 0
github.com/vmpx/vmp-x/cmd/vmpbuild/objfile.go:266.9,267.49 1 0
github.com/vmpx/vmp-x/cmd/vmpbuild/objfile.go:267.49,271.5 3 0
github.com/vmpx/vmp-x/cmd/vmpbuild/objfile.go:274.2,274.17 1 0
github.com/vmpx/vmp-x/cmd/vmpbuild/objfile.go:280.46,282.2 1 1
github.com/vmpx/vmp-x/cmd/vmpbuild/objfile.go:285.48,289.2 3 1
github.com/vmpx/vmp-x/cmd/vmpbuild/objfile.go:292.51,294.2 1 1
github.com/vmpx/vmp-x/cmd/vmpbuild/objfile.go:298.52,300.2 1 1
github.com/vmpx/vmp-x/cmd/vmpbuild/objfile.go:303.68,305.44 1 1
github.com/vmpx/vmp-x/cmd/vmpbuild/objfile.go:305.44,307.3 1 0
github.com/vmpx/vmp-x/cmd/vmpbuild/objfile.go:308.2,310.28 3 1
github.com/vmpx/vmp-x/cmd/vmpbuild/objfile.go:310.28,312.3 1 1
github.com/vmpx/vmp-x/cmd/vmpbuild/objfile.go:313.2,315.18 3 1
github.com/vmpx/vmp-x/cmd/vmpbuild/objfile.go:318.102,327.31 4 0
github.com/vmpx/vmp-x/cmd/vmpbuild/objfile.go:327.31,330.3 2 0
github.com/vmpx/vmp-x/cmd/vmpbuild/objfile.go:331.2,331.14 1 0
github.com/vmpx/vmp-x/cmd/vmpbuild/objfile.go:331.14,333.33 1 0
github.com/vmpx/vmp-x/cmd/vmpbuild/objfile.go:333.33,335.29 2 0
github.com/vmpx/vmp-x/cmd/vmpbuild/objfile.go:335.29,337.5 1 0
github.com/vmpx/vmp-x/cmd/vmpbuild/objfile.go:340.2,340.17 1 0
github.com/vmpx/vmp-x/cmd/vmpbuild/objfile.go:340.17,341.14 1 0
github.com/vmpx/vmp-x/cmd/vmpbuild/objfile.go:342.43,343.33 1 0
github.com/vmpx/vmp-x/cmd/vmpbuild/objfile.go:344.35,346.38 1 0
github.com/vmpx/vmp-x/cmd/vmpbuild/objfile.go:347.34,348.35 1 0
github.com/vmpx/vmp-x/cmd/vmpbuild/objfile.go:349.59,351.29 1 0
github.com/vmpx/vmp-x/cmd/vmpbuild/objfile.go:352.11,353.29 1 0
github.com/vmpx/vmp-x/cmd/vmpbuild/objfile.go:355.3,355.13 1 0
github.com/vmpx/vmp-x/cmd/vmpbuild/objfile.go:357.2,357.13 1 0
github.com/vmpx/vmp-x/cmd/vmpbuild/objfile.go:358.37,359.24 1 0
github.com/vmpx/vmp-x/cmd/vmpbuild/objfile.go:360.33,361.27 1 0
github.com/vmpx/vmp-x/cmd/vmpbuild/objfile.go:362.19,363.27 1 0
github.com/vmpx/vmp-x/cmd/vmpbuild/objfile.go:364.10,365.28 1 0
github.com/vmpx/vmp-x/cmd/vmpbuild/objfile.go:367.2,367.12 1 0
github.com/vmpx/vmp-x/internal/decode/x64/decode.go:31.25,31.46 1 1
github.com/vmpx/vmp-x/internal/decode/x64/decode.go:34.30,34.50 1 1
github.com/vmpx/vmp-x/internal/decode/x64/decode.go:37.29,38.15 1 1
github.com/vmpx/vmp-x/internal/decode/x64/decode.go:38.15,40.3 1 1
github.com/vmpx/vmp-x/internal/decode/x64/decode.go:41.2,41.15 1 1
github.com/vmpx/vmp-x/internal/decode/x64/decode.go:41.15,43.3 1 1
github.com/vmpx/vmp-x/internal/decode/x64/decode.go:44.2,44.24 1 0
github.com/vmpx/vmp-x/internal/decode/x64/decode.go:49.44,50.23 1 1
github.com/vmpx/vmp-x/internal/decode/x64/decode.go:50.23,52.3 1 1
github.com/vmpx/vmp-x/internal/decode/x64/decode.go:53.2,54.46 2 1
github.com/vmpx/vmp-x/internal/decode/x64/decode.go:54.46,56.3 1 0
github.com/vmpx/vmp-x/internal/decode/x64/decode.go:57.2,58.22 2 1
github.com/vmpx/vmp-x/internal/decode/x64/decode.go:59.9,60.33 1 0
github.com/vmpx/vmp-x/internal/decode/x64/decode.go:61.9,62.63 1 0
github.com/vmpx/vmp-x/internal/decode/x64/decode.go:63.9,64.63 1 1
github.com/vmpx/vmp-x/internal/decode/x64/decode.go:65.10,66.18 1 0
github.com/vmpx/vmp-x/internal/decode/x64/decode.go:68.2,68.55 1 1
github.com/vmpx/vmp-x/internal/decode/x64/decode.go:75.32,76.11 1 1
github.com/vmpx/vmp-x/internal/decode/x64/decode.go:77.72,78.14 1 1
github.com/vmpx/vmp-x/internal/decode/x64/decode.go:80.2,80.14 1 1
github.com/vmpx/vmp-x/internal/decode/x64/decode.go:84.51,85.20 1 1
github.com/vmpx/vmp-x/internal/decode/x64/decode.go:85.20,87.3 1 1
github.com/vmpx/vmp-x/internal/decode/x64/decode.go:90.2,91.40 1 1
github.com/vmpx/vmp-x/internal/decode/x64/decode.go:91.40,99.3 1 1
github.com/vmpx/vmp-x/internal/decode/x64/decode.go:101.2,102.16 2 1
github.com/vmpx/vmp-x/internal/decode/x64/decode.go:102.16,104.3 1 0
github.com/vmpx/vmp-x/internal/decode/x64/decode.go:105.2,105.43 1 1
github.com/vmpx/vmp-x/internal/decode/x64/decode.go:105.43,107.3 1 0
github.com/vmpx/vmp-x/internal/decode/x64/decode.go:109.2,109.35 1 1
github.com/vmpx/vmp-x/internal/decode/x64/decode.go:109.35,110.28 1 1
github.com/vmpx/vmp-x/internal/decode/x64/decode.go:110.28,112.4 1 1
github.com/vmpx/vmp-x/internal/decode/x64/decode.go:113.3,113.72 1 1
github.com/vmpx/vmp-x/internal/decode/x64/decode.go:116.2,120.8 1 1
github.com/vmpx/vmp-x/internal/decode/x64/decode.go:124.74,125.19 1 1
github.com/vmpx/vmp-x/internal/decode/x64/decode.go:125.19,127.3 1 1
github.com/vmpx/vmp-x/internal/decode/x64/decode.go:128.2,130.22 3 1
github.com/vmpx/vmp-x/internal/decode/x64/decode.go:130.22,131.27 1 1
github.com/vmpx/vmp-x/internal/decode/x64/decode.go:131.27,133.4 1 0
github.com/vmpx/vmp-x/internal/decode/x64/decode.go:134.3,135.17 2 1
github.com/vmpx/vmp-x/internal/decode/x64/decode.go:135.17,137.4 1 0
github.com/vmpx/vmp-x/internal/decode/x64/decode.go:138.3,139.19 2 1
github.com/vmpx/vmp-x/internal/decode/x64/decode.go:141.2,141.22 1 1
github.com/vmpx/vmp-x/internal/decode/x64/decode.go:141.22,143.3 1 0
github.com/vmpx/vmp-x/internal/decode/x64/decode.go:144.2,144.17 1 1
github.com/vmpx/vmp-x/internal/load/pe/pe.go:75.36,75.82 1 1
github.com/vmpx/vmp-x/internal/load/pe/pe.go:76.36,76.82 1 1
github.com/vmpx/vmp-x/internal/load/pe/pe.go:79.38,80.16 1 1
github.com/vmpx/vmp-x/internal/load/pe/pe.go:80.16,82.3 1 0
github.com/vmpx/vmp-x/internal/load/pe/pe.go:83.2,83.39 1 1
github.com/vmpx/vmp-x/internal/load/pe/pe.go:87.40,88.29 1 1
github.com/vmpx/vmp-x/internal/load/pe/pe.go:88.29,90.3 1 1
github.com/vmpx/vmp-x/internal/load/pe/pe.go:91.2,91.29 1 1
github.com/vmpx/vmp-x/internal/load/pe/pe.go:91.29,93.3 1 0
github.com/vmpx/vmp-x/internal/load/pe/pe.go:94.2,95.42 2 1
github.com/vmpx/vmp-x/internal/load/pe/pe.go:95.42,97.3 1 0
github.com/vmpx/vmp-x/internal/load/pe/pe.go:98.2,98.34 1 1
github.com/vmpx/vmp-x/internal/load/pe/pe.go:98.34,100.3 1 0
github.com/vmpx/vmp-x/internal/load/pe/pe.go:102.2,109.37 7 1
github.com/vmpx/vmp-x/internal/load/pe/pe.go:109.37,111.3 1 0
github.com/vmpx/vmp-x/internal/load/pe/pe.go:112.2,112.70 1 1
github.com/vmpx/vmp-x/internal/load/pe/pe.go:112.70,114.3 1 1
github.com/vmpx/vmp-x/internal/load/pe/pe.go:115.2,115.39 1 1
github.com/vmpx/vmp-x/internal/load/pe/pe.go:115.39,117.3 1 0
github.com/vmpx/vmp-x/internal/load/pe/pe.go:119.2,127.53 8 1
github.com/vmpx/vmp-x/internal/load/pe/pe.go:127.53,129.3 1 0
github.com/vmpx/vmp-x/internal/load/pe/pe.go:131.2,132.55 2 1
github.com/vmpx/vmp-x/internal/load/pe/pe.go:132.55,134.3 1 0
github.com/vmpx/vmp-x/internal/load/pe/pe.go:135.2,135.42 1 1
github.com/vmpx/vmp-x/internal/load/pe/pe.go:135.42,137.40 2 1
github.com/vmpx/vmp-x/internal/load/pe/pe.go:137.40,139.4 1 0
github.com/vmpx/vmp-x/internal/load/pe/pe.go:140.3,149.5 2 1
github.com/vmpx/vmp-x/internal/load/pe/pe.go:151.2,151.15 1 1
github.com/vmpx/vmp-x/internal/load/pe/pe.go:155.39,157.16 2 0
github.com/vmpx/vmp-x/internal/load/pe/pe.go:157.16,159.3 1 0
github.com/vmpx/vmp-x/internal/load/pe/pe.go:160.2,160.20 1 0
github.com/vmpx/vmp-x/internal/load/pe/pe.go:164.33,166.31 2 1
github.com/vmpx/vmp-x/internal/load/pe/pe.go:166.31,168.17 2 1
github.com/vmpx/vmp-x/internal/load/pe/pe.go:168.17,170.4 1 0
github.com/vmpx/vmp-x/internal/load/pe/pe.go:172.2,172.41 1 1
github.com/vmpx/vmp-x/internal/load/pe/pe.go:176.33,178.31 2 1
github.com/vmpx/vmp-x/internal/load/pe/pe.go:178.31,179.60 1 1
github.com/vmpx/vmp-x/internal/load/pe/pe.go:179.60,181.4 1 0
github.com/vmpx/vmp-x/internal/load/pe/pe.go:183.2,183.30 1 1
github.com/vmpx/vmp-x/internal/load/pe/pe.go:183.30,185.3 1 0
github.com/vmpx/vmp-x/internal/load/pe/pe.go:186.2,186.80 1 1
github.com/vmpx/vmp-x/internal/load/pe/pe.go:191.87,192.37 1 1
github.com/vmpx/vmp-x/internal/load/pe/pe.go:192.37,194.3 1 0
github.com/vmpx/vmp-x/internal/load/pe/pe.go:195.2,195.30 1 1
github.com/vmpx/vmp-x/internal/load/pe/pe.go:195.30,197.3 1 0
github.com/vmpx/vmp-x/internal/load/pe/pe.go:198.2,198.40 1 1
github.com/vmpx/vmp-x/internal/load/pe/pe.go:198.40,200.3 1 1
github.com/vmpx/vmp-x/internal/load/pe/pe.go:202.2,204.35 2 1
github.com/vmpx/vmp-x/internal/load/pe/pe.go:204.35,206.3 1 0
github.com/vmpx/vmp-x/internal/load/pe/pe.go:207.2,208.18 2 1
github.com/vmpx/vmp-x/internal/load/pe/pe.go:208.18,210.3 1 0
github.com/vmpx/vmp-x/internal/load/pe/pe.go:211.2,212.43 2 1
github.com/vmpx/vmp-x/internal/load/pe/pe.go:212.43,214.3 1 1
github.com/vmpx/vmp-x/internal/load/pe/pe.go:216.2,245.18 18 1
github.com/vmpx/vmp-x/internal/load/pe/pe.go:249.53,250.31 1 1
github.com/vmpx/vmp-x/internal/load/pe/pe.go:250.31,253.32 3 1
github.com/vmpx/vmp-x/internal/load/pe/pe.go:253.32,255.26 2 1
github.com/vmpx/vmp-x/internal/load/pe/pe.go:255.26,257.5 1 0
github.com/vmpx/vmp-x/internal/load/pe/pe.go:258.4,258.19 1 1
github.com/vmpx/vmp-x/internal/load/pe/pe.go:261.2,261.58 1 0
github.com/vmpx/vmp-x/internal/load/pe/pe.go:265.40,267.2 1 0
github.com/vmpx/vmp-x/internal/load/pe/pe.go:270.33,272.19 2 0
github.com/vmpx/vmp-x/internal/load/pe/pe.go:273.20,274.18 1 0
github.com/vmpx/vmp-x/internal/load/pe/pe.go:275.20,276.17 1 0
github.com/vmpx/vmp-x/internal/load/pe/pe.go:278.2,280.31 2 0
github.com/vmpx/vmp-x/internal/load/pe/pe.go:280.31,283.3 1 0
github.com/vmpx/vmp-x/internal/load/pe/pe.go:284.2,284.12 1 0
github.com/vmpx/vmp-x/internal/guest/arm64/semantics.go:17.29,18.13 1 1
github.com/vmpx/vmp-x/internal/guest/arm64/semantics.go:18.13,20.3 1 1
github.com/vmpx/vmp-x/internal/guest/arm64/semantics.go:21.2,21.29 1 1
github.com/vmpx/vmp-x/internal/guest/arm64/semantics.go:24.36,26.21 2 1
github.com/vmpx/vmp-x/internal/guest/arm64/semantics.go:26.21,28.3 1 1
github.com/vmpx/vmp-x/internal/guest/arm64/semantics.go:29.2,29.31 1 1
github.com/vmpx/vmp-x/internal/guest/arm64/semantics.go:29.31,31.3 1 1
github.com/vmpx/vmp-x/internal/guest/arm64/semantics.go:32.2,32.10 1 1
github.com/vmpx/vmp-x/internal/guest/arm64/semantics.go:36.48,41.13 5 1
github.com/vmpx/vmp-x/internal/guest/arm64/semantics.go:41.13,42.13 1 1
github.com/vmpx/vmp-x/internal/guest/arm64/semantics.go:42.13,44.4 1 1
github.com/vmpx/vmp-x/internal/guest/arm64/semantics.go:45.8,45.22 1 1
github.com/vmpx/vmp-x/internal/guest/arm64/semantics.go:45.22,47.3 1 1
github.com/vmpx/vmp-x/internal/guest/arm64/semantics.go:48.2,48.38 1 1
github.com/vmpx/vmp-x/internal/guest/arm64/semantics.go:48.38,50.3 1 1
github.com/vmpx/vmp-x/internal/guest/arm64/semantics.go:51.2,51.10 1 1
github.com/vmpx/vmp-x/internal/guest/arm64/semantics.go:55.48,59.16 4 1
github.com/vmpx/vmp-x/internal/guest/arm64/semantics.go:59.16,61.3 1 1
github.com/vmpx/vmp-x/internal/guest/arm64/semantics.go:62.2,62.37 1 1
github.com/vmpx/vmp-x/internal/guest/arm64/semantics.go:62.37,64.3 1 1
github.com/vmpx/vmp-x/internal/guest/arm64/semantics.go:65.2,65.10 1 1
github.com/vmpx/vmp-x/internal/guest/arm64/semantics.go:69.44,69.63 1 1
github.com/vmpx/vmp-x/internal/guest/arm64/semantics.go:72.42,72.61 1 1
github.com/vmpx/vmp-x/internal/guest/arm64/semantics.go:75.71,77.14 2 1
github.com/vmpx/vmp-x/internal/guest/arm64/semantics.go:77.14,79.3 1 1
github.com/vmpx/vmp-x/internal/guest/arm64/semantics.go:79.8,79.30 1 1
github.com/vmpx/vmp-x/internal/guest/arm64/semantics.go:79.30,81.3 1 1
github.com/vmpx/vmp-x/internal/guest/arm64/semantics.go:82.2,82.10 1 1
github.com/vmpx/vmp-x/internal/guest/arm64/semantics.go:86.37,91.19 5 1
github.com/vmpx/vmp-x/internal/guest/arm64/semantics.go:92.9,93.11 1 1
github.com/vmpx/vmp-x/internal/guest/arm64/semantics.go:94.9,95.12 1 1
github.com/vmpx/vmp-x/internal/guest/arm64/semantics.go:96.9,97.11 1 1
github.com/vmpx/vmp-x/internal/guest/arm64/semantics.go:98.9,99.12 1 1
github.com/vmpx/vmp-x/internal/guest/arm64/semantics.go:100.9,101.11 1 1
github.com/vmpx/vmp-x/internal/guest/arm64/semantics.go:102.9,103.12 1 1
github.com/vmpx/vmp-x/internal/guest/arm64/semantics.go:104.9,105.11 1 1
github.com/vmpx/vmp-x/internal/guest/arm64/semantics.go:106.9,107.12 1 1
github.com/vmpx/vmp-x/internal/guest/arm64/semantics.go:108.9,109.17 1 1
github.com/vmpx/vmp-x/internal/guest/arm64/semantics.go:110.9,111.17 1 1
github.com/vmpx/vmp-x/internal/guest/arm64/semantics.go:112.10,113.16 1 1
github.com/vmpx/vmp-x/internal/guest/arm64/semantics.go:114.10,115.16 1 1
github.com/vmpx/vmp-x/internal/guest/arm64/semantics.go:116.10,117.24 1 1
github.com/vmpx/vmp-x/internal/guest/arm64/semantics.go:118.10,119.23 1 1
github.com/vmpx/vmp-x/internal/guest/arm64/semantics.go:120.10,121.14 1 1
github.com/vmpx/vmp-x/internal/lift/x64/lift.go:49.42,49.82 1 1
github.com/vmpx/vmp-x/internal/lift/x64/lift.go:52.45,52.67 1 1
github.com/vmpx/vmp-x/internal/lift/x64/lift.go:56.67,56.86 1 1
github.com/vmpx/vmp-x/internal/lift/x64/lift.go:60.41,60.63 1 1
github.com/vmpx/vmp-x/internal/lift/x64/lift.go:63.64,64.23 1 1
github.com/vmpx/vmp-x/internal/lift/x64/lift.go:64.23,66.3 1 0
github.com/vmpx/vmp-x/internal/lift/x64/lift.go:67.2,68.39 2 1
github.com/vmpx/vmp-x/internal/lift/x64/lift.go:68.39,70.3 1 1
github.com/vmpx/vmp-x/internal/lift/x64/lift.go:71.2,71.11 1 1
github.com/vmpx/vmp-x/internal/lift/x64/lift.go:71.11,73.3 1 0
github.com/vmpx/vmp-x/internal/lift/x64/lift.go:74.2,74.64 1 1
github.com/vmpx/vmp-x/internal/lift/x64/lift.go:78.40,78.59 1 1
github.com/vmpx/vmp-x/internal/lift/x64/lift.go:83.63,84.34 1 1
github.com/vmpx/vmp-x/internal/lift/x64/lift.go:84.34,86.3 1 1
github.com/vmpx/vmp-x/internal/lift/x64/lift.go:87.2,87.13 1 1
github.com/vmpx/vmp-x/internal/lift/x64/lift.go:95.83,123.6 12 1
github.com/vmpx/vmp-x/internal/lift/x64/lift.go:123.6,126.26 2 1
github.com/vmpx/vmp-x/internal/lift/x64/lift.go:126.26,127.29 1 1
github.com/vmpx/vmp-x/internal/lift/x64/lift.go:127.29,129.10 2 1
github.com/vmpx/vmp-x/internal/lift/x64/lift.go:132.3,132.14 1 1
github.com/vmpx/vmp-x/internal/lift/x64/lift.go:132.14,133.9 1 1
github.com/vmpx/vmp-x/internal/lift/x64/lift.go:135.3,139.18 4 1
github.com/vmpx/vmp-x/internal/lift/x64/lift.go:139.18,140.21 1 0
github.com/vmpx/vmp-x/internal/lift/x64/lift.go:140.21,142.5 1 0
github.com/vmpx/vmp-x/internal/lift/x64/lift.go:144.4,146.12 2 0
github.com/vmpx/vmp-x/internal/lift/x64/lift.go:148.3,150.26 2 1
github.com/vmpx/vmp-x/internal/lift/x64/lift.go:150.26,153.15 3 1
github.com/vmpx/vmp-x/internal/lift/x64/lift.go:153.15,155.5 1 1
github.com/vmpx/vmp-x/internal/lift/x64/lift.go:156.4,156.15 1 1
github.com/vmpx/vmp-x/internal/lift/x64/lift.go:156.15,158.5 1 1
github.com/vmpx/vmp-x/internal/lift/x64/lift.go:159.4,163.18 5 1
github.com/vmpx/vmp-x/internal/lift/x64/lift.go:163.18,166.5 1 1
github.com/vmpx/vmp-x/internal/lift/x64/lift.go:167.4,167.18 1 1
github.com/vmpx/vmp-x/internal/lift/x64/lift.go:167.18,170.5 1 1
github.com/vmpx/vmp-x/internal/lift/x64/lift.go:171.4,172.26 2 1
github.com/vmpx/vmp-x/internal/lift/x64/lift.go:172.26,174.5 1 1
github.com/vmpx/vmp-x/internal/lift/x64/lift.go:176.3,179.26 2 1
github.com/vmpx/vmp-x/internal/lift/x64/lift.go:179.26,183.56 2 1
github.com/vmpx/vmp-x/internal/lift/x64/lift.go:183.56,184.13 1 1
github.com/vmpx/vmp-x/internal/lift/x64/lift.go:186.4,186.42 1 1
github.com/vmpx/vmp-x/internal/lift/x64/lift.go:186.42,187.13 1 1
github.com/vmpx/vmp-x/internal/lift/x64/lift.go:189.4,189.79 1 1
github.com/vmpx/vmp-x/internal/lift/x64/lift.go:189.79,190.13 1 0
github.com/vmpx/vmp-x/internal/lift/x64/lift.go:193.4,196.11 4 1
github.com/vmpx/vmp-x/internal/lift/x64/lift.go:196.11,197.13 1 1
github.com/vmpx/vmp-x/internal/lift/x64/lift.go:199.4,201.57 3 1
github.com/vmpx/vmp-x/internal/lift/x64/lift.go:205.2,205.28 1 1
github.com/vmpx/vmp-x/internal/lift/x64/lift.go:205.28,207.3 1 1
github.com/vmpx/vmp-x/internal/lift/x64/lift.go:209.2,209.25 1 1
github.com/vmpx/vmp-x/internal/lift/x64/lift.go:209.25,211.41 2 1
github.com/vmpx/vmp-x/internal/lift/x64/lift.go:211.41,212.12 1 1
github.com/vmpx/vmp-x/internal/lift/x64/lift.go:214.3,214.36 1 1
github.com/vmpx/vmp-x/internal/lift/x64/lift.go:214.36,215.12 1 1
github.com/vmpx/vmp-x/internal/lift/x64/lift.go:217.3,218.10 2 1
github.com/vmpx/vmp-x/internal/lift/x64/lift.go:218.10,221.4 1 1
github.com/vmpx/vmp-x/internal/lift/x64/lift.go:222.3,222.18 1 1
github.com/vmpx/vmp-x/internal/lift/x64/lift.go:224.2,224.15 1 1
github.com/vmpx/vmp-x/internal/lift/x64/lift.go:229.70,230.24 1 1
github.com/vmpx/vmp-x/internal/lift/x64/lift.go:230.24,232.3 1 0
github.com/vmpx/vmp-x/internal/lift/x64/lift.go:235.2,236.51 2 1
github.com/vmpx/vmp-x/internal/lift/x64/lift.go:236.51,237.47 1 1
github.com/vmpx/vmp-x/internal/lift/x64/lift.go:237.47,239.9 2 1
github.com/vmpx/vmp-x/internal/lift/x64/lift.go:242.2,242.19 1 1
github.com/vmpx/vmp-x/internal/lift/x64/lift.go:242.19,244.3 1 1
github.com/vmpx/vmp-x/internal/lift/x64/lift.go:245.2,247.50 3 1
github.com/vmpx/vmp-x/internal/lift/x64/lift.go:247.50,249.35 2 1
github.com/vmpx/vmp-x/internal/lift/x64/lift.go:249.35,251.4 1 0
github.com/vmpx/vmp-x/internal/lift/x64/lift.go:252.3,253.19 2 1
github.com/vmpx/vmp-x/internal/lift/x64/lift.go:254.31,255.26 1 1
github.com/vmpx/vmp-x/internal/lift/x64/lift.go:258.2,258.19 1 0
github.com/vmpx/vmp-x/internal/lift/x64/lift.go:261.47,261.80 1 1
github.com/vmpx/vmp-x/internal/lift/x64/lift.go:267.53,269.9 2 1
github.com/vmpx/vmp-x/internal/lift/x64/lift.go:270.24,271.36 1 1
github.com/vmpx/vmp-x/internal/lift/x64/lift.go:272.24,273.21 1 1
github.com/vmpx/vmp-x/internal/lift/x64/lift.go:274.25,275.40 1 1
github.com/vmpx/vmp-x/internal/lift/x64/lift.go:276.26,277.41 1 1
github.com/vmpx/vmp-x/internal/lift/x64/lift.go:278.26,279.38 1 1
github.com/vmpx/vmp-x/internal/lift/x64/lift.go:280.26,281.42 1 1
github.com/vmpx/vmp-x/internal/lift/x64/lift.go:282.26,283.38 1 1
github.com/vmpx/vmp-x/internal/lift/x64/lift.go:284.26,285.42 1 1
github.com/vmpx/vmp-x/internal/lift/x64/lift.go:286.26,287.38 1 1
github.com/vmpx/vmp-x/internal/lift/x64/lift.go:289.2,289.20 1 1
github.com/vmpx/vmp-x/internal/lift/x64/lift.go:292.46,292.87 2 1
github.com/vmpx/vmp-x/internal/lift/x64/lift.go:293.46,293.87 2 1
github.com/vmpx/vmp-x/internal/lift/x64/lift.go:294.46,294.94 2 1
github.com/vmpx/vmp-x/internal/lift/x64/lift.go:295.46,295.94 2 1
github.com/vmpx/vmp-x/internal/lift/x64/lift.go:298.56,300.9 2 1
github.com/vmpx/vmp-x/internal/lift/x64/lift.go:300.9,302.3 1 1
github.com/vmpx/vmp-x/internal/lift/x64/lift.go:303.2,303.19 1 1
github.com/vmpx/vmp-x/internal/lift/x64/lift.go:307.114,309.55 2 1
github.com/vmpx/vmp-x/internal/lift/x64/lift.go:309.55,311.3 1 0
github.com/vmpx/vmp-x/internal/lift/x64/lift.go:312.2,312.9 1 1
github.com/vmpx/vmp-x/internal/lift/x64/lift.go:313.19,313.19 0 1
github.com/vmpx/vmp-x/internal/lift/x64/lift.go:315.28,317.10 2 0
github.com/vmpx/vmp-x/internal/lift/x64/lift.go:317.10,319.4 1 0
github.com/vmpx/vmp-x/internal/lift/x64/lift.go:320.3,320.27 1 0
github.com/vmpx/vmp-x/internal/lift/x64/lift.go:320.27,322.4 1 0
github.com/vmpx/vmp-x/internal/lift/x64/lift.go:323.3,324.37 2 0
github.com/vmpx/vmp-x/internal/lift/x64/lift.go:325.10,327.25 2 1
github.com/vmpx/vmp-x/internal/lift/x64/lift.go:327.25,329.4 1 0
github.com/vmpx/vmp-x/internal/lift/x64/lift.go:330.3,330.11 1 1
github.com/vmpx/vmp-x/internal/lift/x64/lift.go:332.2,332.18 1 1
github.com/vmpx/vmp-x/internal/lift/x64/lift.go:332.18,334.25 2 1
github.com/vmpx/vmp-x/internal/lift/x64/lift.go:334.25,336.4 1 0
github.com/vmpx/vmp-x/internal/lift/x64/lift.go:337.3,337.67 1 1
github.com/vmpx/vmp-x/internal/lift/x64/lift.go:337.67,339.4 1 0
github.com/vmpx/vmp-x/internal/lift/x64/lift.go:340.3,341.25 2 1
github.com/vmpx/vmp-x/internal/lift/x64/lift.go:343.2,343.26 1 1
github.com/vmpx/vmp-x/internal/lift/x64/lift.go:343.26,345.3 1 1
github.com/vmpx/vmp-x/internal/lift/x64/lift.go:349.2,349.20 1 1
github.com/vmpx/vmp-x/internal/lift/x64/lift.go:349.20,350.17 1 1
github.com/vmpx/vmp-x/internal/lift/x64/lift.go:350.17,352.4 1 0
github.com/vmpx/vmp-x/internal/lift/x64/lift.go:353.3,353.56 1 1
github.com/vmpx/vmp-x/internal/lift/x64/lift.go:354.8,354.41 1 1
github.com/vmpx/vmp-x/internal/lift/x64/lift.go:354.41,356.3 1 0
github.com/vmpx/vmp-x/internal/lift/x64/lift.go:357.2,357.38 1 1
github.com/vmpx/vmp-x/internal/lift/x64/lift.go:361.40,362.50 1 1
github.com/vmpx/vmp-x/internal/lift/x64/lift.go:362.50,364.3 1 1
github.com/vmpx/vmp-x/internal/lift/x64/lift.go:365.2,365.27 1 0
github.com/vmpx/vmp-x/internal/lift/x64/lift.go:366.9,367.15 1 0
github.com/vmpx/vmp-x/internal/lift/x64/lift.go:368.10,369.16 1 0
github.com/vmpx/vmp-x/internal/lift/x64/lift.go:370.10,371.16 1 0
github.com/vmpx/vmp-x/internal/lift/x64/lift.go:372.10,373.16 1 0
github.com/vmpx/vmp-x/internal/lift/x64/lift.go:377.41,378.27 1 1
github.com/vmpx/vmp-x/internal/lift/x64/lift.go:378.27,380.3 1 1
github.com/vmpx/vmp-x/internal/lift/x64/lift.go:381.2,381.21 1 0
github.com/vmpx/vmp-x/internal/lift/x64/lift.go:386.73,387.32 1 1
github.com/vmpx/vmp-x/internal/lift/x64/lift.go:387.32,390.3 2 0
github.com/vmpx/vmp-x/internal/lift/x64/lift.go:391.2,393.25 3 1
github.com/vmpx/vmp-x/internal/lift/x64/lift.go:393.25,397.3 3 1
github.com/vmpx/vmp-x/internal/lift/x64/lift.go:403.2,403.37 1 1
github.com/vmpx/vmp-x/internal/lift/x64/lift.go:403.37,404.30 1 1
github.com/vmpx/vmp-x/internal/lift/x64/lift.go:404.30,406.4 1 0
github.com/vmpx/vmp-x/internal/lift/x64/lift.go:409.2,409.12 1 1
github.com/vmpx/vmp-x/internal/lift/x64/lift.go:410.18,412.13 2 1
github.com/vmpx/vmp-x/internal/lift/x64/lift.go:414.19,417.17 3 0
github.com/vmpx/vmp-x/internal/lift/x64/lift.go:417.17,418.14 1 0
github.com/vmpx/vmp-x/internal/lift/x64/lift.go:418.14,422.5 2 0
github.com/vmpx/vmp-x/internal/lift/x64/lift.go:424.4,425.14 2 0
github.com/vmpx/vmp-x/internal/lift/x64/lift.go:425.14,427.5 1 0
github.com/vmpx/vmp-x/internal/lift/x64/lift.go:428.4,431.14 4 0
github.com/vmpx/vmp-x/internal/lift/x64/lift.go:434.3,434.46 1 0
github.com/vmpx/vmp-x/internal/lift/x64/lift.go:434.46,436.19 2 0
github.com/vmpx/vmp-x/internal/lift/x64/lift.go:436.19,438.5 1 0
github.com/vmpx/vmp-x/internal/lift/x64/lift.go:439.4,441.14 2 0
github.com/vmpx/vmp-x/internal/lift/x64/lift.go:443.3,443.37 1 0
github.com/vmpx/vmp-x/internal/lift/x64/lift.go:443.37,445.12 2 0
github.com/vmpx/vmp-x/internal/lift/x64/lift.go:445.12,447.5 1 0
github.com/vmpx/vmp-x/internal/lift/x64/lift.go:448.4,448.21 1 0
github.com/vmpx/vmp-x/internal/lift/x64/lift.go:450.3,450.37 1 0
github.com/vmpx/vmp-x/internal/lift/x64/lift.go:450.37,452.12 2 0
github.com/vmpx/vmp-x/internal/lift/x64/lift.go:452.12,454.5 1 0
github.com/vmpx/vmp-x/internal/lift/x64/lift.go:455.4,455.21 1 0
github.com/vmpx/vmp-x/internal/lift/x64/lift.go:457.3,457.77 1 0
github.com/vmpx/vmp-x/internal/lift/x64/lift.go:459.18,460.32 1 1
github.com/vmpx/vmp-x/internal/lift/x64/lift.go:462.18,464.10 2 1
github.com/vmpx/vmp-x/internal/lift/x64/lift.go:464.10,466.4 1 0
github.com/vmpx/vmp-x/internal/lift/x64/lift.go:467.3,468.10 2 1
github.com/vmpx/vmp-x/internal/lift/x64/lift.go:468.10,470.4 1 0
github.com/vmpx/vmp-x/internal/lift/x64/lift.go:471.3,472.17 2 1
github.com/vmpx/vmp-x/internal/lift/x64/lift.go:472.17,474.4 1 0
github.com/vmpx/vmp-x/internal/lift/x64/lift.go:475.3,476.13 2 1
github.com/vmpx/vmp-x/internal/lift/x64/lift.go:479.26,486.38 2 1
github.com/vmpx/vmp-x/internal/lift/x64/lift.go:488.31,490.24 2 1
github.com/vmpx/vmp-x/internal/lift/x64/lift.go:490.24,492.4 1 1
github.com/vmpx/vmp-x/internal/lift/x64/lift.go:493.3,493.38 1 1
github.com/vmpx/vmp-x/internal/lift/x64/lift.go:495.18,501.3 1 1
github.com/vmpx/vmp-x/internal/lift/x64/lift.go:501.3,503.34 2 1
github.com/vmpx/vmp-x/internal/lift/x64/lift.go:503.34,505.5 1 0
github.com/vmpx/vmp-x/internal/lift/x64/lift.go:506.4,507.43 2 1
github.com/vmpx/vmp-x/internal/lift/x64/lift.go:507.43,509.5 1 1
github.com/vmpx/vmp-x/internal/lift/x64/lift.go:509.10,509.43 1 0
github.com/vmpx/vmp-x/internal/lift/x64/lift.go:509.43,511.19 2 0
github.com/vmpx/vmp-x/internal/lift/x64/lift.go:511.19,513.6 1 0
github.com/vmpx/vmp-x/internal/lift/x64/lift.go:514.5,517.19 3 0
github.com/vmpx/vmp-x/internal/lift/x64/lift.go:518.10,520.5 1 0
github.com/vmpx/vmp-x/internal/lift/x64/lift.go:521.4,524.14 4 1
github.com/vmpx/vmp-x/internal/lift/x64/lift.go:527.17,530.3 1 1
github.com/vmpx/vmp-x/internal/lift/x64/lift.go:530.3,532.34 2 1
github.com/vmpx/vmp-x/internal/lift/x64/lift.go:532.34,534.5 1 0
github.com/vmpx/vmp-x/internal/lift/x64/lift.go:535.4,536.43 2 1
github.com/vmpx/vmp-x/internal/lift/x64/lift.go:536.43,538.5 1 1
github.com/vmpx/vmp-x/internal/lift/x64/lift.go:538.10,538.43 1 0
github.com/vmpx/vmp-x/internal/lift/x64/lift.go:538.43,540.19 2 0
github.com/vmpx/vmp-x/internal/lift/x64/lift.go:540.19,542.6 1 0
github.com/vmpx/vmp-x/internal/lift/x64/lift.go:543.5,546.19 3 0
github.com/vmpx/vmp-x/internal/lift/x64/lift.go:547.10,549.5 1 0
github.com/vmpx/vmp-x/internal/lift/x64/lift.go:550.4,550.45 1 1
github.com/vmpx/vmp-x/internal/lift/x64/lift.go:550.45,553.5 2 1
github.com/vmpx/vmp-x/internal/lift/x64/lift.go:554.4,554.38 1 0
github.com/vmpx/vmp-x/internal/lift/x64/lift.go:554.38,557.5 2 0
github.com/vmpx/vmp-x/internal/lift/x64/lift.go:558.4,558.58 1 0
github.com/vmpx/vmp-x/internal/lift/x64/lift.go:561.58,563.3 1 1
github.com/vmpx/vmp-x/internal/lift/x64/lift.go:563.3,565.49 2 1
github.com/vmpx/vmp-x/internal/lift/x64/lift.go:565.49,567.5 1 0
github.com/vmpx/vmp-x/internal/lift/x64/lift.go:568.4,569.12 2 1
github.com/vmpx/vmp-x/internal/lift/x64/lift.go:569.12,571.5 1 0
github.com/vmpx/vmp-x/internal/lift/x64/lift.go:572.4,573.14 2 1
github.com/vmpx/vmp-x/internal/lift/x64/lift.go:574.20,575.18 1 1
github.com/vmpx/vmp-x/internal/lift/x64/lift.go:576.22,577.20 1 0
github.com/vmpx/vmp-x/internal/lift/x64/lift.go:578.22,579.20 1 0
github.com/vmpx/vmp-x/internal/lift/x64/lift.go:581.4,581.47 1 1
github.com/vmpx/vmp-x/internal/lift/x64/lift.go:581.47,584.5 2 1
github.com/vmpx/vmp-x/internal/lift/x64/lift.go:585.4,585.38 1 0
github.com/vmpx/vmp-x/internal/lift/x64/lift.go:585.38,587.20 2 0
github.com/vmpx/vmp-x/internal/lift/x64/lift.go:587.20,589.6 1 0
github.com/vmpx/vmp-x/internal/lift/x64/lift.go:590.5,594.15 4 0
github.com/vmpx/vmp-x/internal/lift/x64/lift.go:596.4,596.57 1 0
github.com/vmpx/vmp-x/internal/lift/x64/lift.go:599.19,600.33 1 0
github.com/vmpx/vmp-x/internal/lift/x64/lift.go:602.66,607.40 2 0
github.com/vmpx/vmp-x/internal/lift/x64/lift.go:609.54,614.42 3 0
github.com/vmpx/vmp-x/internal/lift/x64/lift.go:614.42,617.4 2 0
github.com/vmpx/vmp-x/internal/lift/x64/lift.go:618.3,618.35 1 0
github.com/vmpx/vmp-x/internal/lift/x64/lift.go:618.35,620.18 2 0
github.com/vmpx/vmp-x/internal/lift/x64/lift.go:620.18,622.5 1 0
github.com/vmpx/vmp-x/internal/lift/x64/lift.go:623.4,628.14 5 0
github.com/vmpx/vmp-x/internal/lift/x64/lift.go:630.3,630.62 1 0
github.com/vmpx/vmp-x/internal/lift/x64/lift.go:632.49,634.10 2 0
github.com/vmpx/vmp-x/internal/lift/x64/lift.go:634.10,636.4 1 0
github.com/vmpx/vmp-x/internal/lift/x64/lift.go:637.3,638.48 2 0
github.com/vmpx/vmp-x/internal/lift/x64/lift.go:638.48,640.4 1 0
github.com/vmpx/vmp-x/internal/lift/x64/lift.go:641.3,641.47 1 0
github.com/vmpx/vmp-x/internal/lift/x64/lift.go:641.47,644.4 2 0
github.com/vmpx/vmp-x/internal/lift/x64/lift.go:645.3,645.35 1 0
github.com/vmpx/vmp-x/internal/lift/x64/lift.go:645.35,647.18 2 0
github.com/vmpx/vmp-x/internal/lift/x64/lift.go:647.18,649.5 1 0
github.com/vmpx/vmp-x/internal/lift/x64/lift.go:650.4,654.14 4 0
github.com/vmpx/vmp-x/internal/lift/x64/lift.go:656.3,656.54 1 0
github.com/vmpx/vmp-x/internal/lift/x64/lift.go:658.19,660.13 2 0
github.com/vmpx/vmp-x/internal/lift/x64/lift.go:662.19,663.42 1 0
github.com/vmpx/vmp-x/internal/lift/x64/lift.go:663.42,664.19 1 0
github.com/vmpx/vmp-x/internal/lift/x64/lift.go:664.19,666.5 1 0
github.com/vmpx/vmp-x/internal/lift/x64/lift.go:667.4,668.14 2 0
github.com/vmpx/vmp-x/internal/lift/x64/lift.go:670.3,670.35 1 0
github.com/vmpx/vmp-x/internal/lift/x64/lift.go:670.35,673.4 2 0
github.com/vmpx/vmp-x/internal/lift/x64/lift.go:674.3,674.51 1 0
github.com/vmpx/vmp-x/internal/lift/x64/lift.go:676.18,678.25 2 0
github.com/vmpx/vmp-x/internal/lift/x64/lift.go:678.25,680.4 1 0
github.com/vmpx/vmp-x/internal/lift/x64/lift.go:681.3,682.13 2 0
github.com/vmpx/vmp-x/internal/lift/x64/lift.go:684.18,685.37 1 1
github.com/vmpx/vmp-x/internal/lift/x64/lift.go:685.37,689.4 3 0
github.com/vmpx/vmp-x/internal/lift/x64/lift.go:692.3,692.35 1 1
github.com/vmpx/vmp-x/internal/lift/x64/lift.go:692.35,694.4 1 1
github.com/vmpx/vmp-x/internal/lift/x64/lift.go:696.3,696.42 1 0
github.com/vmpx/vmp-x/internal/lift/x64/lift.go:696.42,698.4 1 0
github.com/vmpx/vmp-x/internal/lift/x64/lift.go:699.3,699.82 1 0
github.com/vmpx/vmp-x/internal/lift/x64/lift.go:701.19,703.37 1 1
github.com/vmpx/vmp-x/internal/lift/x64/lift.go:703.37,705.28 2 0
github.com/vmpx/vmp-x/internal/lift/x64/lift.go:705.28,707.5 1 0
github.com/vmpx/vmp-x/internal/lift/x64/lift.go:708.4,709.14 2 0
github.com/vmpx/vmp-x/internal/lift/x64/lift.go:714.3,714.46 1 1
github.com/vmpx/vmp-x/internal/lift/x64/lift.go:714.46,717.4 2 1
github.com/vmpx/vmp-x/internal/lift/x64/lift.go:718.3,718.37 1 1
github.com/vmpx/vmp-x/internal/lift/x64/lift.go:718.37,720.19 2 1
github.com/vmpx/vmp-x/internal/lift/x64/lift.go:720.19,722.5 1 0
github.com/vmpx/vmp-x/internal/lift/x64/lift.go:723.4,726.14 3 1
github.com/vmpx/vmp-x/internal/lift/x64/lift.go:728.3,728.63 1 0
github.com/vmpx/vmp-x/internal/lift/x64/lift.go:730.18,732.13 2 1
github.com/vmpx/vmp-x/internal/lift/x64/lift.go:736.2,736.55 1 1
github.com/vmpx/vmp-x/internal/lift/x64/lift.go:736.55,738.3 1 1
github.com/vmpx/vmp-x/internal/lift/x64/lift.go:747.2,747.35 1 1
github.com/vmpx/vmp-x/internal/lift/x64/lift.go:747.35,750.47 2 1
github.com/vmpx/vmp-x/internal/lift/x64/lift.go:750.47,758.4 7 1
github.com/vmpx/vmp-x/internal/lift/x64/lift.go:759.3,760.11 2 0
github.com/vmpx/vmp-x/internal/lift/x64/lift.go:760.11,762.4 1 0
github.com/vmpx/vmp-x/internal/lift/x64/lift.go:763.3,764.17 2 0
github.com/vmpx/vmp-x/internal/lift/x64/lift.go:764.17,766.4 1 0
github.com/vmpx/vmp-x/internal/lift/x64/lift.go:767.3,774.13 8 0
github.com/vmpx/vmp-x/internal/lift/x64/lift.go:776.2,776.36 1 1
github.com/vmpx/vmp-x/internal/lift/x64/lift.go:776.36,778.11 2 1
github.com/vmpx/vmp-x/internal/lift/x64/lift.go:778.11,780.4 1 0
github.com/vmpx/vmp-x/internal/lift/x64/lift.go:781.3,783.46 3 1
github.com/vmpx/vmp-x/internal/lift/x64/lift.go:783.46,786.4 2 1
github.com/vmpx/vmp-x/internal/lift/x64/lift.go:787.3,788.11 2 0
github.com/vmpx/vmp-x/internal/lift/x64/lift.go:788.11,790.4 1 0
github.com/vmpx/vmp-x/internal/lift/x64/lift.go:791.3,792.17 2 0
github.com/vmpx/vmp-x/internal/lift/x64/lift.go:792.17,794.4 1 0
github.com/vmpx/vmp-x/internal/lift/x64/lift.go:795.3,796.13 2 0
github.com/vmpx/vmp-x/internal/lift/x64/lift.go:799.2,799.33 1 1
github.com/vmpx/vmp-x/internal/lift/x64/lift.go:799.33,801.11 2 1
github.com/vmpx/vmp-x/internal/lift/x64/lift.go:801.11,803.4 1 0
github.com/vmpx/vmp-x/internal/lift/x64/lift.go:804.3,806.13 3 1
github.com/vmpx/vmp-x/internal/lift/x64/lift.go:809.2,809.44 1 1
github.com/vmpx/vmp-x/internal/lift/x64/lift.go:859.42,860.15 1 0
github.com/vmpx/vmp-x/internal/lift/x64/lift.go:860.15,862.3 1 0
github.com/vmpx/vmp-x/internal/lift/x64/lift.go:863.2,863.19 1 0
github.com/vmpx/vmp-x/internal/lift/x64/lift.go:866.51,868.28 2 1
github.com/vmpx/vmp-x/internal/lift/x64/lift.go:868.28,869.18 1 1
github.com/vmpx/vmp-x/internal/lift/x64/lift.go:869.18,871.4 1 0
github.com/vmpx/vmp-x/internal/lift/x64/lift.go:872.3,872.18 1 1
github.com/vmpx/vmp-x/internal/lift/x64/lift.go:872.18,874.4 1 0
github.com/vmpx/vmp-x/internal/lift/x64/lift.go:876.2,876.39 1 1
github.com/vmpx/vmp-x/internal/lift/x64/lift.go:876.39,877.21 1 1
github.com/vmpx/vmp-x/internal/lift/x64/lift.go:877.21,879.4 1 0
github.com/vmpx/vmp-x/internal/lift/x64/lift.go:880.3,881.15 2 1
github.com/vmpx/vmp-x/internal/lift/x64/lift.go:884.2,884.18 1 1
github.com/vmpx/vmp-x/internal/lift/x64/lift.go:885.19,886.16 1 0
github.com/vmpx/vmp-x/internal/lift/x64/lift.go:886.16,888.4 1 0
github.com/vmpx/vmp-x/internal/lift/x64/lift.go:889.3,889.13 1 0
github.com/vmpx/vmp-x/internal/lift/x64/lift.go:891.18,892.44 1 0
github.com/vmpx/vmp-x/internal/lift/x64/lift.go:892.44,895.4 2 0
github.com/vmpx/vmp-x/internal/lift/x64/lift.go:896.3,896.16 1 0
github.com/vmpx/vmp-x/internal/lift/x64/lift.go:896.16,898.4 1 0
github.com/vmpx/vmp-x/internal/lift/x64/lift.go:899.3,899.13 1 0
github.com/vmpx/vmp-x/internal/lift/x64/lift.go:901.19,904.13 1 1
github.com/vmpx/vmp-x/internal/lift/x64/lift.go:906.18,908.10 2 1
github.com/vmpx/vmp-x/internal/lift/x64/lift.go:908.10,910.4 1 0
github.com/vmpx/vmp-x/internal/lift/x64/lift.go:911.3,912.27 2 1
github.com/vmpx/vmp-x/internal/lift/x64/lift.go:912.27,915.4 2 1
github.com/vmpx/vmp-x/internal/lift/x64/lift.go:916.3,918.10 3 1
github.com/vmpx/vmp-x/internal/lift/x64/lift.go:919.29,920.51 1 1
github.com/vmpx/vmp-x/internal/lift/x64/lift.go:921.43,922.45 1 0
github.com/vmpx/vmp-x/internal/lift/x64/lift.go:923.11,925.14 2 1
github.com/vmpx/vmp-x/internal/lift/x64/lift.go:927.3,927.10 1 1
github.com/vmpx/vmp-x/internal/lift/x64/lift.go:928.22,929.13 1 0
github.com/vmpx/vmp-x/internal/lift/x64/lift.go:929.13,931.5 1 0
github.com/vmpx/vmp-x/internal/lift/x64/lift.go:931.10,933.5 1 0
github.com/vmpx/vmp-x/internal/lift/x64/lift.go:934.22,935.13 1 0
github.com/vmpx/vmp-x/internal/lift/x64/lift.go:935.13,937.5 1 0
github.com/vmpx/vmp-x/internal/lift/x64/lift.go:937.10,939.5 1 0
github.com/vmpx/vmp-x/internal/lift/x64/lift.go:940.11,941.45 1 1
github.com/vmpx/vmp-x/internal/lift/x64/lift.go:941.45,943.5 1 1
github.com/vmpx/vmp-x/internal/lift/x64/lift.go:944.4,944.16 1 0
github.com/vmpx/vmp-x/internal/lift/x64/lift.go:946.3,946.13 1 0
github.com/vmpx/vmp-x/internal/lift/x64/lift.go:948.18,950.10 2 1
github.com/vmpx/vmp-x/internal/lift/x64/lift.go:950.10,952.4 1 1
github.com/vmpx/vmp-x/internal/lift/x64/lift.go:953.3,954.16 2 1
github.com/vmpx/vmp-x/internal/lift/x64/lift.go:954.16,957.4 2 1
github.com/vmpx/vmp-x/internal/lift/x64/lift.go:958.3,958.10 1 1
github.com/vmpx/vmp-x/internal/lift/x64/lift.go:959.39,960.17 1 0
github.com/vmpx/vmp-x/internal/lift/x64/lift.go:960.17,962.5 1 0
github.com/vmpx/vmp-x/internal/lift/x64/lift.go:962.10,964.5 1 0
github.com/vmpx/vmp-x/internal/lift/x64/lift.go:965.39,966.55 1 0
github.com/vmpx/vmp-x/internal/lift/x64/lift.go:966.55,968.5 1 0
github.com/vmpx/vmp-x/internal/lift/x64/lift.go:969.4,969.16 1 0
github.com/vmpx/vmp-x/internal/lift/x64/lift.go:970.11,971.16 1 1
github.com/vmpx/vmp-x/internal/lift/x64/lift.go:973.3,973.13 1 1
github.com/vmpx/vmp-x/internal/lift/x64/lift.go:975.30,978.10 2 1
github.com/vmpx/vmp-x/internal/lift/x64/lift.go:978.10,980.4 1 0
github.com/vmpx/vmp-x/internal/lift/x64/lift.go:981.3,981.18 1 1
github.com/vmpx/vmp-x/internal/lift/x64/lift.go:981.18,983.26 2 1
github.com/vmpx/vmp-x/internal/lift/x64/lift.go:983.26,986.5 2 0
github.com/vmpx/vmp-x/internal/lift/x64/lift.go:987.4,987.30 1 1
github.com/vmpx/vmp-x/internal/lift/x64/lift.go:987.30,989.5 1 1
github.com/vmpx/vmp-x/internal/lift/x64/lift.go:989.10,991.5 1 1
github.com/vmpx/vmp-x/internal/lift/x64/lift.go:992.4,992.14 1 1
github.com/vmpx/vmp-x/internal/lift/x64/lift.go:994.3,995.13 2 1
github.com/vmpx/vmp-x/internal/lift/x64/lift.go:1001.2,1001.18 1 1
github.com/vmpx/vmp-x/internal/lift/x64/lift.go:1002.42,1003.13 1 1
github.com/vmpx/vmp-x/internal/lift/x64/lift.go:1007.2,1007.28 1 1
github.com/vmpx/vmp-x/internal/lift/x64/lift.go:1007.28,1011.3 3 1
github.com/vmpx/vmp-x/internal/lift/x64/lift.go:1014.2,1014.28 1 1
github.com/vmpx/vmp-x/internal/lift/x64/lift.go:1014.28,1016.3 1 1
github.com/vmpx/vmp-x/internal/lift/x64/lift.go:1017.2,1017.12 1 1
github.com/vmpx/vmp-x/internal/lift/x64/lift.go:1028.93,1029.24 1 1
github.com/vmpx/vmp-x/internal/lift/x64/lift.go:1029.24,1031.3 1 0
github.com/vmpx/vmp-x/internal/lift/x64/lift.go:1034.2,1035.29 2 1
github.com/vmpx/vmp-x/internal/lift/x64/lift.go:1035.29,1037.3 1 0
github.com/vmpx/vmp-x/internal/lift/x64/lift.go:1039.2,1041.17 3 1
github.com/vmpx/vmp-x/internal/lift/x64/lift.go:1042.9,1042.9 0 1
github.com/vmpx/vmp-x/internal/lift/x64/lift.go:1043.9,1044.26 1 0
github.com/vmpx/vmp-x/internal/lift/x64/lift.go:1045.10,1046.67 1 0
github.com/vmpx/vmp-x/internal/lift/x64/lift.go:1048.2,1049.9 2 1
github.com/vmpx/vmp-x/internal/lift/x64/lift.go:1049.9,1051.3 1 0
github.com/vmpx/vmp-x/internal/lift/x64/lift.go:1053.2,1053.38 1 1
github.com/vmpx/vmp-x/internal/lift/x64/lift.go:1053.38,1055.3 1 1
github.com/vmpx/vmp-x/internal/lift/x64/lift.go:1056.2,1058.10 3 1
github.com/vmpx/vmp-x/internal/lift/x64/lift.go:1058.10,1060.3 1 0
github.com/vmpx/vmp-x/internal/lift/x64/lift.go:1061.2,1062.17 2 1
github.com/vmpx/vmp-x/internal/lift/x64/lift.go:1063.17,1064.9 1 0
github.com/vmpx/vmp-x/internal/lift/x64/lift.go:1065.18,1066.9 1 1
github.com/vmpx/vmp-x/internal/lift/x64/lift.go:1067.10,1068.102 1 0
github.com/vmpx/vmp-x/internal/lift/x64/lift.go:1070.2,1070.32 1 1
github.com/vmpx/vmp-x/internal/lift/x64/lift.go:1070.32,1072.3 1 0
github.com/vmpx/vmp-x/internal/lift/x64/lift.go:1073.2,1075.26 3 1
github.com/vmpx/vmp-x/internal/lift/x64/lift.go:1075.26,1077.3 1 0
github.com/vmpx/vmp-x/internal/lift/x64/lift.go:1078.2,1079.31 2 1
github.com/vmpx/vmp-x/internal/lift/x64/lift.go:1079.31,1081.3 1 0
github.com/vmpx/vmp-x/internal/lift/x64/lift.go:1082.2,1082.13 1 1
github.com/vmpx/vmp-x/internal/lift/x64/lift.go:1082.13,1084.3 1 0
github.com/vmpx/vmp-x/internal/lift/x64/lift.go:1084.8,1086.3 1 1
github.com/vmpx/vmp-x/internal/lift/x64/lift.go:1087.2,1087.24 1 1
github.com/vmpx/vmp-x/internal/lift/x64/lift.go:1087.24,1089.3 1 0
github.com/vmpx/vmp-x/internal/lift/x64/lift.go:1090.2,1091.27 2 1
github.com/vmpx/vmp-x/internal/lift/x64/lift.go:1091.27,1093.3 1 0
github.com/vmpx/vmp-x/internal/lift/x64/lift.go:1094.2,1095.26 2 1
github.com/vmpx/vmp-x/internal/lift/x64/lift.go:1095.26,1097.3 1 0
github.com/vmpx/vmp-x/internal/lift/x64/lift.go:1098.2,1100.25 3 1
github.com/vmpx/vmp-x/internal/lift/x64/lift.go:1100.25,1102.11 2 1
github.com/vmpx/vmp-x/internal/lift/x64/lift.go:1102.11,1106.4 2 0
github.com/vmpx/vmp-x/internal/lift/x64/lift.go:1106.9,1109.4 1 1
github.com/vmpx/vmp-x/internal/lift/x64/lift.go:1110.3,1110.36 1 1
github.com/vmpx/vmp-x/internal/lift/x64/lift.go:1110.36,1113.4 1 0
github.com/vmpx/vmp-x/internal/lift/x64/lift.go:1114.3,1114.17 1 1
github.com/vmpx/vmp-x/internal/lift/x64/lift.go:1116.2,1116.69 1 1
github.com/vmpx/vmp-x/internal/lift/x64/lift.go:1120.136,1121.25 1 1
github.com/vmpx/vmp-x/internal/lift/x64/lift.go:1121.25,1125.3 3 1
github.com/vmpx/vmp-x/internal/lift/x64/lift.go:1126.2,1126.25 1 1
github.com/vmpx/vmp-x/internal/lift/x64/lift.go:1126.25,1129.3 2 1
github.com/vmpx/vmp-x/internal/lift/x64/lift.go:1130.2,1131.12 2 1
github.com/vmpx/vmp-x/internal/lift/x64/lift.go:1145.99,1146.24 1 0
github.com/vmpx/vmp-x/internal/lift/x64/lift.go:1146.24,1148.3 1 0
github.com/vmpx/vmp-x/internal/lift/x64/lift.go:1149.2,1150.11 2 0
github.com/vmpx/vmp-x/internal/lift/x64/lift.go:1150.11,1152.3 1 0
github.com/vmpx/vmp-x/internal/lift/x64/lift.go:1155.2,1157.21 3 0
github.com/vmpx/vmp-x/internal/lift/x64/lift.go:1158.18,1161.39 3 0
github.com/vmpx/vmp-x/internal/lift/x64/lift.go:1161.39,1163.4 1 0
github.com/vmpx/vmp-x/internal/lift/x64/lift.go:1164.3,1164.16 1 0
github.com/vmpx/vmp-x/internal/lift/x64/lift.go:1165.10,1168.96 1 0
github.com/vmpx/vmp-x/internal/lift/x64/lift.go:1171.2,1172.57 2 0
github.com/vmpx/vmp-x/internal/lift/x64/lift.go:1172.57,1174.3 1 0
github.com/vmpx/vmp-x/internal/lift/x64/lift.go:1175.2,1176.29 2 0
github.com/vmpx/vmp-x/internal/lift/x64/lift.go:1176.29,1178.3 1 0
github.com/vmpx/vmp-x/internal/lift/x64/lift.go:1179.2,1180.10 2 0
github.com/vmpx/vmp-x/internal/lift/x64/lift.go:1180.10,1182.3 1 0
github.com/vmpx/vmp-x/internal/lift/x64/lift.go:1183.2,1184.27 2 0
github.com/vmpx/vmp-x/internal/lift/x64/lift.go:1184.27,1186.3 1 0
github.com/vmpx/vmp-x/internal/lift/x64/lift.go:1187.2,1188.10 2 0
github.com/vmpx/vmp-x/internal/lift/x64/lift.go:1188.10,1190.3 1 0
github.com/vmpx/vmp-x/internal/lift/x64/lift.go:1191.2,1192.34 2 0
github.com/vmpx/vmp-x/internal/lift/x64/lift.go:1192.34,1194.3 1 0
github.com/vmpx/vmp-x/internal/lift/x64/lift.go:1195.2,1199.43 4 0
github.com/vmpx/vmp-x/internal/lift/x64/lift.go:1199.43,1201.28 2 0
github.com/vmpx/vmp-x/internal/lift/x64/lift.go:1201.28,1202.12 1 0
github.com/vmpx/vmp-x/internal/lift/x64/lift.go:1204.3,1205.27 2 0
github.com/vmpx/vmp-x/internal/lift/x64/lift.go:1205.27,1206.12 1 0
github.com/vmpx/vmp-x/internal/lift/x64/lift.go:1208.3,1209.53 2 0
github.com/vmpx/vmp-x/internal/lift/x64/lift.go:1209.53,1210.12 1 0
github.com/vmpx/vmp-x/internal/lift/x64/lift.go:1212.3,1214.8 3 0
github.com/vmpx/vmp-x/internal/lift/x64/lift.go:1216.2,1216.17 1 0
github.com/vmpx/vmp-x/internal/lift/x64/lift.go:1216.17,1218.3 1 0
github.com/vmpx/vmp-x/internal/lift/x64/lift.go:1220.2,1221.43 2 0
github.com/vmpx/vmp-x/internal/lift/x64/lift.go:1221.43,1222.37 1 0
github.com/vmpx/vmp-x/internal/lift/x64/lift.go:1222.37,1223.12 1 0
github.com/vmpx/vmp-x/internal/lift/x64/lift.go:1225.3,1227.27 3 0
github.com/vmpx/vmp-x/internal/lift/x64/lift.go:1227.27,1228.12 1 0
github.com/vmpx/vmp-x/internal/lift/x64/lift.go:1230.3,1231.34 2 0
github.com/vmpx/vmp-x/internal/lift/x64/lift.go:1231.34,1232.12 1 0
github.com/vmpx/vmp-x/internal/lift/x64/lift.go:1234.3,1234.15 1 0
github.com/vmpx/vmp-x/internal/lift/x64/lift.go:1234.15,1235.9 1 0
github.com/vmpx/vmp-x/internal/lift/x64/lift.go:1237.3,1238.18 2 0
github.com/vmpx/vmp-x/internal/lift/x64/lift.go:1239.18,1240.23 1 0
github.com/vmpx/vmp-x/internal/lift/x64/lift.go:1241.19,1242.19 1 0
github.com/vmpx/vmp-x/internal/lift/x64/lift.go:1243.11,1244.12 1 0
github.com/vmpx/vmp-x/internal/lift/x64/lift.go:1246.3,1247.11 2 0
github.com/vmpx/vmp-x/internal/lift/x64/lift.go:1247.11,1248.12 1 0
github.com/vmpx/vmp-x/internal/lift/x64/lift.go:1250.3,1251.8 2 0
github.com/vmpx/vmp-x/internal/lift/x64/lift.go:1253.2,1253.14 1 0
github.com/vmpx/vmp-x/internal/lift/x64/lift.go:1253.14,1255.3 1 0
github.com/vmpx/vmp-x/internal/lift/x64/lift.go:1256.2,1256.32 1 0
github.com/vmpx/vmp-x/internal/lift/x64/lift.go:1256.32,1258.3 1 0
github.com/vmpx/vmp-x/internal/lift/x64/lift.go:1260.2,1261.30 2 0
github.com/vmpx/vmp-x/internal/lift/x64/lift.go:1261.30,1263.3 1 0
github.com/vmpx/vmp-x/internal/lift/x64/lift.go:1264.2,1266.29 3 0
github.com/vmpx/vmp-x/internal/lift/x64/lift.go:1266.29,1268.11 2 0
github.com/vmpx/vmp-x/internal/lift/x64/lift.go:1268.11,1271.4 2 0
github.com/vmpx/vmp-x/internal/lift/x64/lift.go:1271.9,1274.4 1 0
github.com/vmpx/vmp-x/internal/lift/x64/lift.go:1275.3,1275.36 1 0
github.com/vmpx/vmp-x/internal/lift/x64/lift.go:1275.36,1277.4 1 0
github.com/vmpx/vmp-x/internal/lift/x64/lift.go:1278.3,1278.17 1 0
github.com/vmpx/vmp-x/internal/lift/x64/lift.go:1280.2,1280.71 1 0
github.com/vmpx/vmp-x/internal/lift/x64/lift.go:1291.94,1293.20 2 0
github.com/vmpx/vmp-x/internal/lift/x64/lift.go:1293.20,1295.3 1 0
github.com/vmpx/vmp-x/internal/lift/x64/lift.go:1296.2,1297.10 2 0
github.com/vmpx/vmp-x/internal/lift/x64/lift.go:1297.10,1299.3 1 0
github.com/vmpx/vmp-x/internal/lift/x64/lift.go:1300.2,1301.17 2 0
github.com/vmpx/vmp-x/internal/lift/x64/lift.go:1301.17,1303.3 1 0
github.com/vmpx/vmp-x/internal/lift/x64/lift.go:1304.2,1307.19 3 0
github.com/vmpx/vmp-x/internal/lift/x64/lift.go:1307.19,1308.42 1 0
github.com/vmpx/vmp-x/internal/lift/x64/lift.go:1308.42,1310.4 1 0
github.com/vmpx/vmp-x/internal/lift/x64/lift.go:1312.2,1312.18 1 0
github.com/vmpx/vmp-x/internal/lift/x64/lift.go:1313.19,1314.22 1 0
github.com/vmpx/vmp-x/internal/lift/x64/lift.go:1314.22,1316.4 1 0
github.com/vmpx/vmp-x/internal/lift/x64/lift.go:1317.3,1319.13 2 0
github.com/vmpx/vmp-x/internal/lift/x64/lift.go:1320.65,1321.22 1 0
github.com/vmpx/vmp-x/internal/lift/x64/lift.go:1321.22,1323.44 1 0
github.com/vmpx/vmp-x/internal/lift/x64/lift.go:1323.44,1326.5 2 0
github.com/vmpx/vmp-x/internal/lift/x64/lift.go:1326.10,1328.5 1 0
github.com/vmpx/vmp-x/internal/lift/x64/lift.go:1330.3,1336.13 3 0
github.com/vmpx/vmp-x/internal/lift/x64/lift.go:1337.30,1339.29 2 0
github.com/vmpx/vmp-x/internal/lift/x64/lift.go:1339.29,1341.4 1 0
github.com/vmpx/vmp-x/internal/lift/x64/lift.go:1342.3,1344.13 2 0
github.com/vmpx/vmp-x/internal/lift/x64/lift.go:1345.22,1346.22 1 0
github.com/vmpx/vmp-x/internal/lift/x64/lift.go:1346.22,1348.4 1 0
github.com/vmpx/vmp-x/internal/lift/x64/lift.go:1349.3,1351.13 2 0
github.com/vmpx/vmp-x/internal/lift/x64/lift.go:1353.2,1353.70 1 0
github.com/vmpx/vmp-x/internal/lift/x64/lift.go:1370.46,1372.44 2 1
github.com/vmpx/vmp-x/internal/lift/x64/lift.go:1372.44,1374.3 1 1
github.com/vmpx/vmp-x/internal/lift/x64/lift.go:1375.2,1375.16 1 1
github.com/vmpx/vmp-x/internal/lift/x64/lift.go:1388.82,1391.25 3 1
github.com/vmpx/vmp-x/internal/lift/x64/lift.go:1391.25,1391.81 3 1
github.com/vmpx/vmp-x/internal/lift/x64/lift.go:1392.2,1392.26 1 1
github.com/vmpx/vmp-x/internal/lift/x64/lift.go:1392.26,1393.24 1 1
github.com/vmpx/vmp-x/internal/lift/x64/lift.go:1393.24,1395.4 1 0
github.com/vmpx/vmp-x/internal/lift/x64/lift.go:1396.3,1396.13 1 1
github.com/vmpx/vmp-x/internal/lift/x64/lift.go:1399.2,1399.12 1 1
github.com/vmpx/vmp-x/internal/lift/x64/lift.go:1400.96,1401.35 1 1
github.com/vmpx/vmp-x/internal/lift/x64/lift.go:1401.35,1403.4 1 0
github.com/vmpx/vmp-x/internal/lift/x64/lift.go:1404.3,1406.10 3 1
github.com/vmpx/vmp-x/internal/lift/x64/lift.go:1407.25,1408.36 1 0
github.com/vmpx/vmp-x/internal/lift/x64/lift.go:1408.36,1411.21 3 0
github.com/vmpx/vmp-x/internal/lift/x64/lift.go:1411.21,1413.6 1 0
github.com/vmpx/vmp-x/internal/lift/x64/lift.go:1414.5,1416.112 2 0
github.com/vmpx/vmp-x/internal/lift/x64/lift.go:1418.4,1418.20 1 0
github.com/vmpx/vmp-x/internal/lift/x64/lift.go:1419.15,1421.11 2 1
github.com/vmpx/vmp-x/internal/lift/x64/lift.go:1421.11,1423.5 1 0
github.com/vmpx/vmp-x/internal/lift/x64/lift.go:1424.4,1425.18 2 1
github.com/vmpx/vmp-x/internal/lift/x64/lift.go:1425.18,1427.5 1 0
github.com/vmpx/vmp-x/internal/lift/x64/lift.go:1428.4,1428.36 1 1
github.com/vmpx/vmp-x/internal/lift/x64/lift.go:1428.36,1430.12 2 1
github.com/vmpx/vmp-x/internal/lift/x64/lift.go:1430.12,1432.6 1 0
github.com/vmpx/vmp-x/internal/lift/x64/lift.go:1433.5,1435.112 2 1
github.com/vmpx/vmp-x/internal/lift/x64/lift.go:1437.4,1437.20 1 1
github.com/vmpx/vmp-x/internal/lift/x64/lift.go:1438.15,1440.11 2 1
github.com/vmpx/vmp-x/internal/lift/x64/lift.go:1440.11,1442.5 1 0
github.com/vmpx/vmp-x/internal/lift/x64/lift.go:1443.4,1444.18 2 1
github.com/vmpx/vmp-x/internal/lift/x64/lift.go:1444.18,1446.5 1 0
github.com/vmpx/vmp-x/internal/lift/x64/lift.go:1447.4,1447.36 1 1
github.com/vmpx/vmp-x/internal/lift/x64/lift.go:1447.36,1449.12 2 1
github.com/vmpx/vmp-x/internal/lift/x64/lift.go:1449.12,1451.6 1 0
github.com/vmpx/vmp-x/internal/lift/x64/lift.go:1452.5,1455.47 2 1
github.com/vmpx/vmp-x/internal/lift/x64/lift.go:1457.4,1457.20 1 1
github.com/vmpx/vmp-x/internal/lift/x64/lift.go:1459.3,1459.56 1 0
github.com/vmpx/vmp-x/internal/lift/x64/lift.go:1463.16,1466.35 1 1
github.com/vmpx/vmp-x/internal/lift/x64/lift.go:1466.35,1468.4 1 0
github.com/vmpx/vmp-x/internal/lift/x64/lift.go:1469.3,1469.24 1 1
github.com/vmpx/vmp-x/internal/lift/x64/lift.go:1469.24,1471.4 1 0
github.com/vmpx/vmp-x/internal/lift/x64/lift.go:1472.3,1473.12 2 1
github.com/vmpx/vmp-x/internal/lift/x64/lift.go:1473.12,1475.4 1 0
github.com/vmpx/vmp-x/internal/lift/x64/lift.go:1476.3,1477.13 2 1
github.com/vmpx/vmp-x/internal/lift/x64/lift.go:1478.35,1479.17 1 1
github.com/vmpx/vmp-x/internal/lift/x64/lift.go:1480.35,1481.17 1 1
github.com/vmpx/vmp-x/internal/lift/x64/lift.go:1482.35,1483.17 1 1
github.com/vmpx/vmp-x/internal/lift/x64/lift.go:1485.3,1487.13 3 1
github.com/vmpx/vmp-x/internal/lift/x64/lift.go:1488.63,1489.18 1 1
github.com/vmpx/vmp-x/internal/lift/x64/lift.go:1490.21,1491.18 1 0
github.com/vmpx/vmp-x/internal/lift/x64/lift.go:1494.3,1497.41 4 1
github.com/vmpx/vmp-x/internal/lift/x64/lift.go:1497.41,1499.11 2 1
github.com/vmpx/vmp-x/internal/lift/x64/lift.go:1499.11,1501.5 1 0
github.com/vmpx/vmp-x/internal/lift/x64/lift.go:1502.4,1502.14 1 1
github.com/vmpx/vmp-x/internal/lift/x64/lift.go:1503.9,1503.47 1 0
github.com/vmpx/vmp-x/internal/lift/x64/lift.go:1503.47,1505.19 2 0
github.com/vmpx/vmp-x/internal/lift/x64/lift.go:1505.19,1507.5 1 0
github.com/vmpx/vmp-x/internal/lift/x64/lift.go:1508.4,1508.50 1 0
github.com/vmpx/vmp-x/internal/lift/x64/lift.go:1509.9,1511.4 1 0
github.com/vmpx/vmp-x/internal/lift/x64/lift.go:1512.3,1514.39 3 1
github.com/vmpx/vmp-x/internal/lift/x64/lift.go:1514.39,1517.11 3 1
github.com/vmpx/vmp-x/internal/lift/x64/lift.go:1517.11,1519.5 1 0
github.com/vmpx/vmp-x/internal/lift/x64/lift.go:1520.4,1524.26 3 1
github.com/vmpx/vmp-x/internal/lift/x64/lift.go:1524.26,1526.5 1 0
github.com/vmpx/vmp-x/internal/lift/x64/lift.go:1527.4,1528.114 2 1
github.com/vmpx/vmp-x/internal/lift/x64/lift.go:1530.3,1532.19 2 1
github.com/vmpx/vmp-x/internal/lift/x64/lift.go:1534.85,1535.35 1 1
github.com/vmpx/vmp-x/internal/lift/x64/lift.go:1535.35,1537.4 1 0
github.com/vmpx/vmp-x/internal/lift/x64/lift.go:1538.3,1546.24 3 1
github.com/vmpx/vmp-x/internal/lift/x64/lift.go:1546.24,1548.4 1 0
github.com/vmpx/vmp-x/internal/lift/x64/lift.go:1549.3,1554.18 2 1
github.com/vmpx/vmp-x/internal/lift/x64/lift.go:1554.18,1556.4 1 1
github.com/vmpx/vmp-x/internal/lift/x64/lift.go:1557.3,1557.21 1 1
github.com/vmpx/vmp-x/internal/lift/x64/lift.go:1557.21,1559.4 1 1
github.com/vmpx/vmp-x/internal/lift/x64/lift.go:1560.3,1560.29 1 1
github.com/vmpx/vmp-x/internal/lift/x64/lift.go:1560.29,1562.12 2 1
github.com/vmpx/vmp-x/internal/lift/x64/lift.go:1562.12,1564.5 1 0
github.com/vmpx/vmp-x/internal/lift/x64/lift.go:1565.4,1566.19 2 1
github.com/vmpx/vmp-x/internal/lift/x64/lift.go:1566.19,1568.5 1 0
github.com/vmpx/vmp-x/internal/lift/x64/lift.go:1569.4,1570.36 2 1
github.com/vmpx/vmp-x/internal/lift/x64/lift.go:1570.36,1572.12 2 1
github.com/vmpx/vmp-x/internal/lift/x64/lift.go:1572.12,1574.6 1 0
github.com/vmpx/vmp-x/internal/lift/x64/lift.go:1575.5,1581.110 4 1
github.com/vmpx/vmp-x/internal/lift/x64/lift.go:1583.4,1584.20 2 1
github.com/vmpx/vmp-x/internal/lift/x64/lift.go:1586.3,1586.29 1 1
github.com/vmpx/vmp-x/internal/lift/x64/lift.go:1586.29,1588.36 2 1
github.com/vmpx/vmp-x/internal/lift/x64/lift.go:1588.36,1591.21 3 1
github.com/vmpx/vmp-x/internal/lift/x64/lift.go:1591.21,1593.6 1 0
github.com/vmpx/vmp-x/internal/lift/x64/lift.go:1594.5,1600.110 4 1
github.com/vmpx/vmp-x/internal/lift/x64/lift.go:1602.4,1603.20 2 1
github.com/vmpx/vmp-x/internal/lift/x64/lift.go:1606.3,1606.29 1 0
github.com/vmpx/vmp-x/internal/lift/x64/lift.go:1606.29,1607.36 1 0
github.com/vmpx/vmp-x/internal/lift/x64/lift.go:1607.36,1609.12 2 0
github.com/vmpx/vmp-x/internal/lift/x64/lift.go:1609.12,1611.6 1 0
github.com/vmpx/vmp-x/internal/lift/x64/lift.go:1612.5,1613.112 2 0
github.com/vmpx/vmp-x/internal/lift/x64/lift.go:1615.4,1615.20 1 0
github.com/vmpx/vmp-x/internal/lift/x64/lift.go:1617.3,1617.127 1 0
github.com/vmpx/vmp-x/internal/lift/x64/lift.go:1619.60,1624.35 1 1
github.com/vmpx/vmp-x/internal/lift/x64/lift.go:1624.35,1626.4 1 0
github.com/vmpx/vmp-x/internal/lift/x64/lift.go:1627.3,1628.11 2 1
github.com/vmpx/vmp-x/internal/lift/x64/lift.go:1628.11,1630.4 1 0
github.com/vmpx/vmp-x/internal/lift/x64/lift.go:1631.3,1631.38 1 1
github.com/vmpx/vmp-x/internal/lift/x64/lift.go:1631.38,1633.31 2 1
github.com/vmpx/vmp-x/internal/lift/x64/lift.go:1633.31,1635.5 1 1
github.com/vmpx/vmp-x/internal/lift/x64/lift.go:1636.4,1637.11 2 1
github.com/vmpx/vmp-x/internal/lift/x64/lift.go:1637.11,1639.5 1 0
github.com/vmpx/vmp-x/internal/lift/x64/lift.go:1640.4,1641.59 1 1
github.com/vmpx/vmp-x/internal/lift/x64/lift.go:1642.9,1642.44 1 0
github.com/vmpx/vmp-x/internal/lift/x64/lift.go:1642.44,1644.19 2 0
github.com/vmpx/vmp-x/internal/lift/x64/lift.go:1644.19,1646.5 1 0
github.com/vmpx/vmp-x/internal/lift/x64/lift.go:1647.4,1648.57 1 0
github.com/vmpx/vmp-x/internal/lift/x64/lift.go:1649.9,1651.4 1 0
github.com/vmpx/vmp-x/internal/lift/x64/lift.go:1652.3,1653.13 2 1
github.com/vmpx/vmp-x/internal/lift/x64/lift.go:1654.26,1655.21 1 1
github.com/vmpx/vmp-x/internal/lift/x64/lift.go:1656.26,1657.21 1 1
github.com/vmpx/vmp-x/internal/lift/x64/lift.go:1658.11,1659.24 1 1
github.com/vmpx/vmp-x/internal/lift/x64/lift.go:1661.3,1661.31 1 1
github.com/vmpx/vmp-x/internal/lift/x64/lift.go:1661.31,1663.11 2 1
github.com/vmpx/vmp-x/internal/lift/x64/lift.go:1663.11,1665.5 1 0
github.com/vmpx/vmp-x/internal/lift/x64/lift.go:1666.4,1666.111 1 1
github.com/vmpx/vmp-x/internal/lift/x64/lift.go:1668.3,1668.19 1 1
github.com/vmpx/vmp-x/internal/lift/x64/lift.go:1670.72,1673.35 1 0
github.com/vmpx/vmp-x/internal/lift/x64/lift.go:1673.35,1675.4 1 0
github.com/vmpx/vmp-x/internal/lift/x64/lift.go:1676.3,1676.24 1 0
github.com/vmpx/vmp-x/internal/lift/x64/lift.go:1676.24,1678.4 1 0
github.com/vmpx/vmp-x/internal/lift/x64/lift.go:1679.3,1680.12 2 0
github.com/vmpx/vmp-x/internal/lift/x64/lift.go:1680.12,1682.4 1 0
github.com/vmpx/vmp-x/internal/lift/x64/lift.go:1683.3,1684.12 2 0
github.com/vmpx/vmp-x/internal/lift/x64/lift.go:1684.12,1686.4 1 0
github.com/vmpx/vmp-x/internal/lift/x64/lift.go:1687.3,1688.13 2 0
github.com/vmpx/vmp-x/internal/lift/x64/lift.go:1689.43,1694.42 4 0
github.com/vmpx/vmp-x/internal/lift/x64/lift.go:1694.42,1696.12 2 0
github.com/vmpx/vmp-x/internal/lift/x64/lift.go:1696.12,1698.6 1 0
github.com/vmpx/vmp-x/internal/lift/x64/lift.go:1699.5,1699.15 1 0
github.com/vmpx/vmp-x/internal/lift/x64/lift.go:1700.10,1700.48 1 0
github.com/vmpx/vmp-x/internal/lift/x64/lift.go:1700.48,1702.20 2 0
github.com/vmpx/vmp-x/internal/lift/x64/lift.go:1702.20,1704.6 1 0
github.com/vmpx/vmp-x/internal/lift/x64/lift.go:1705.5,1705.51 1 0
github.com/vmpx/vmp-x/internal/lift/x64/lift.go:1706.10,1708.5 1 0
github.com/vmpx/vmp-x/internal/lift/x64/lift.go:1710.4,1711.30 2 0
github.com/vmpx/vmp-x/internal/lift/x64/lift.go:1711.30,1713.5 1 0
github.com/vmpx/vmp-x/internal/lift/x64/lift.go:1714.4,1715.27 2 0
github.com/vmpx/vmp-x/internal/lift/x64/lift.go:1715.27,1718.16 3 0
github.com/vmpx/vmp-x/internal/lift/x64/lift.go:1718.16,1721.6 1 0
github.com/vmpx/vmp-x/internal/lift/x64/lift.go:1721.11,1724.6 1 0
github.com/vmpx/vmp-x/internal/lift/x64/lift.go:1725.5,1725.128 1 0
github.com/vmpx/vmp-x/internal/lift/x64/lift.go:1727.37,1729.38 2 0
github.com/vmpx/vmp-x/internal/lift/x64/lift.go:1729.38,1731.5 1 0
github.com/vmpx/vmp-x/internal/lift/x64/lift.go:1732.4,1734.28 3 0
github.com/vmpx/vmp-x/internal/lift/x64/lift.go:1734.28,1736.28 2 0
github.com/vmpx/vmp-x/internal/lift/x64/lift.go:1736.28,1738.6 1 0
github.com/vmpx/vmp-x/internal/lift/x64/lift.go:1738.11,1740.6 1 0
github.com/vmpx/vmp-x/internal/lift/x64/lift.go:1741.5,1741.35 1 0
github.com/vmpx/vmp-x/internal/lift/x64/lift.go:1741.35,1744.6 1 0
github.com/vmpx/vmp-x/internal/lift/x64/lift.go:1744.11,1746.6 1 0
github.com/vmpx/vmp-x/internal/lift/x64/lift.go:1747.5,1747.125 1 0
github.com/vmpx/vmp-x/internal/lift/x64/lift.go:1751.3,1751.35 1 0
github.com/vmpx/vmp-x/internal/lift/x64/lift.go:1751.35,1755.4 2 0
github.com/vmpx/vmp-x/internal/lift/x64/lift.go:1756.3,1758.19 2 0
github.com/vmpx/vmp-x/internal/lift/x64/lift.go:1761.68,1770.35 1 0
github.com/vmpx/vmp-x/internal/lift/x64/lift.go:1770.35,1772.4 1 0
github.com/vmpx/vmp-x/internal/lift/x64/lift.go:1773.3,1773.24 1 0
github.com/vmpx/vmp-x/internal/lift/x64/lift.go:1773.24,1775.4 1 0
github.com/vmpx/vmp-x/internal/lift/x64/lift.go:1776.3,1777.62 2 0
github.com/vmpx/vmp-x/internal/lift/x64/lift.go:1777.62,1778.35 1 0
github.com/vmpx/vmp-x/internal/lift/x64/lift.go:1778.35,1780.12 2 0
github.com/vmpx/vmp-x/internal/lift/x64/lift.go:1780.12,1782.6 1 0
github.com/vmpx/vmp-x/internal/lift/x64/lift.go:1783.5,1783.19 1 0
github.com/vmpx/vmp-x/internal/lift/x64/lift.go:1785.4,1785.34 1 0
github.com/vmpx/vmp-x/internal/lift/x64/lift.go:1785.34,1787.20 2 0
github.com/vmpx/vmp-x/internal/lift/x64/lift.go:1787.20,1789.6 1 0
github.com/vmpx/vmp-x/internal/lift/x64/lift.go:1790.5,1790.15 1 0
github.com/vmpx/vmp-x/internal/lift/x64/lift.go:1790.15,1794.6 2 0
github.com/vmpx/vmp-x/internal/lift/x64/lift.go:1794.11,1798.6 2 0
github.com/vmpx/vmp-x/internal/lift/x64/lift.go:1799.5,1799.24 1 0
github.com/vmpx/vmp-x/internal/lift/x64/lift.go:1801.4,1801.52 1 0
github.com/vmpx/vmp-x/internal/lift/x64/lift.go:1803.3,1803.13 1 0
github.com/vmpx/vmp-x/internal/lift/x64/lift.go:1804.63,1806.12 2 0
github.com/vmpx/vmp-x/internal/lift/x64/lift.go:1806.12,1808.5 1 0
github.com/vmpx/vmp-x/internal/lift/x64/lift.go:1809.4,1810.11 2 0
github.com/vmpx/vmp-x/internal/lift/x64/lift.go:1810.11,1812.5 1 0
github.com/vmpx/vmp-x/internal/lift/x64/lift.go:1813.4,1814.19 2 0
github.com/vmpx/vmp-x/internal/lift/x64/lift.go:1814.19,1816.5 1 0
github.com/vmpx/vmp-x/internal/lift/x64/lift.go:1817.4,1822.20 3 0
github.com/vmpx/vmp-x/internal/lift/x64/lift.go:1823.24,1826.12 2 0
github.com/vmpx/vmp-x/internal/lift/x64/lift.go:1826.12,1828.5 1 0
github.com/vmpx/vmp-x/internal/lift/x64/lift.go:1829.4,1830.11 2 0
github.com/vmpx/vmp-x/internal/lift/x64/lift.go:1830.11,1832.5 1 0
github.com/vmpx/vmp-x/internal/lift/x64/lift.go:1833.4,1834.47 2 0
github.com/vmpx/vmp-x/internal/lift/x64/lift.go:1834.47,1835.14 1 0
github.com/vmpx/vmp-x/internal/lift/x64/lift.go:1835.14,1837.6 1 0
github.com/vmpx/vmp-x/internal/lift/x64/lift.go:1837.11,1840.6 2 0
github.com/vmpx/vmp-x/internal/lift/x64/lift.go:1841.5,1841.117 1 0
github.com/vmpx/vmp-x/internal/lift/x64/lift.go:1842.10,1842.45 1 0
github.com/vmpx/vmp-x/internal/lift/x64/lift.go:1842.45,1844.20 2 0
github.com/vmpx/vmp-x/internal/lift/x64/lift.go:1844.20,1846.6 1 0
github.com/vmpx/vmp-x/internal/lift/x64/lift.go:1847.5,1850.117 3 0
github.com/vmpx/vmp-x/internal/lift/x64/lift.go:1851.10,1853.5 1 0
github.com/vmpx/vmp-x/internal/lift/x64/lift.go:1854.4,1856.20 2 0
github.com/vmpx/vmp-x/internal/lift/x64/lift.go:1857.25,1859.12 2 0
github.com/vmpx/vmp-x/internal/lift/x64/lift.go:1859.12,1861.5 1 0
github.com/vmpx/vmp-x/internal/lift/x64/lift.go:1862.4,1863.19 2 0
github.com/vmpx/vmp-x/internal/lift/x64/lift.go:1863.19,1865.5 1 0
github.com/vmpx/vmp-x/internal/lift/x64/lift.go:1866.4,1871.20 4 0
github.com/vmpx/vmp-x/internal/lift/x64/lift.go:1872.11,1874.12 2 0
github.com/vmpx/vmp-x/internal/lift/x64/lift.go:1874.12,1876.5 1 0
github.com/vmpx/vmp-x/internal/lift/x64/lift.go:1877.4,1878.12 2 0
github.com/vmpx/vmp-x/internal/lift/x64/lift.go:1878.12,1880.5 1 0
github.com/vmpx/vmp-x/internal/lift/x64/lift.go:1881.4,1882.19 2 0
github.com/vmpx/vmp-x/internal/lift/x64/lift.go:1882.19,1884.5 1 0
github.com/vmpx/vmp-x/internal/lift/x64/lift.go:1885.4,1887.20 2 0
github.com/vmpx/vmp-x/internal/lift/x64/lift.go:1890.38,1895.35 1 1
github.com/vmpx/vmp-x/internal/lift/x64/lift.go:1895.35,1897.4 1 0
github.com/vmpx/vmp-x/internal/lift/x64/lift.go:1898.3,1899.25 2 1
github.com/vmpx/vmp-x/internal/lift/x64/lift.go:1899.25,1901.4 1 1
github.com/vmpx/vmp-x/internal/lift/x64/lift.go:1902.3,1903.18 2 1
github.com/vmpx/vmp-x/internal/lift/x64/lift.go:1903.18,1905.4 1 1
github.com/vmpx/vmp-x/internal/lift/x64/lift.go:1906.3,1907.13 2 1
github.com/vmpx/vmp-x/internal/lift/x64/lift.go:1907.13,1909.11 2 1
github.com/vmpx/vmp-x/internal/lift/x64/lift.go:1909.11,1911.5 1 0
github.com/vmpx/vmp-x/internal/lift/x64/lift.go:1912.4,1912.46 1 1
github.com/vmpx/vmp-x/internal/lift/x64/lift.go:1912.46,1914.13 2 1
github.com/vmpx/vmp-x/internal/lift/x64/lift.go:1914.13,1916.6 1 0
github.com/vmpx/vmp-x/internal/lift/x64/lift.go:1917.5,1920.21 3 1
github.com/vmpx/vmp-x/internal/lift/x64/lift.go:1922.4,1922.39 1 1
github.com/vmpx/vmp-x/internal/lift/x64/lift.go:1922.39,1924.20 2 1
github.com/vmpx/vmp-x/internal/lift/x64/lift.go:1924.20,1926.6 1 0
github.com/vmpx/vmp-x/internal/lift/x64/lift.go:1927.5,1933.20 5 1
github.com/vmpx/vmp-x/internal/lift/x64/lift.go:1933.20,1935.6 1 1
github.com/vmpx/vmp-x/internal/lift/x64/lift.go:1936.5,1936.21 1 1
github.com/vmpx/vmp-x/internal/lift/x64/lift.go:1938.4,1938.62 1 0
github.com/vmpx/vmp-x/internal/lift/x64/lift.go:1940.3,1940.45 1 0
github.com/vmpx/vmp-x/internal/lift/x64/lift.go:1940.45,1942.12 2 0
github.com/vmpx/vmp-x/internal/lift/x64/lift.go:1942.12,1944.5 1 0
github.com/vmpx/vmp-x/internal/lift/x64/lift.go:1945.4,1946.11 2 0
github.com/vmpx/vmp-x/internal/lift/x64/lift.go:1946.11,1948.5 1 0
github.com/vmpx/vmp-x/internal/lift/x64/lift.go:1949.4,1950.19 2 0
github.com/vmpx/vmp-x/internal/lift/x64/lift.go:1950.19,1952.5 1 0
github.com/vmpx/vmp-x/internal/lift/x64/lift.go:1953.4,1956.20 3 0
github.com/vmpx/vmp-x/internal/lift/x64/lift.go:1958.3,1958.55 1 0
github.com/vmpx/vmp-x/internal/lift/x64/lift.go:1960.38,1963.35 1 0
github.com/vmpx/vmp-x/internal/lift/x64/lift.go:1963.35,1965.4 1 0
github.com/vmpx/vmp-x/internal/lift/x64/lift.go:1966.3,1968.19 3 0
github.com/vmpx/vmp-x/internal/lift/x64/lift.go:1968.19,1970.4 1 0
github.com/vmpx/vmp-x/internal/lift/x64/lift.go:1971.3,1972.27 2 0
github.com/vmpx/vmp-x/internal/lift/x64/lift.go:1972.27,1974.4 1 0
github.com/vmpx/vmp-x/internal/lift/x64/lift.go:1975.3,1977.19 3 0
github.com/vmpx/vmp-x/internal/lift/x64/lift.go:1977.19,1979.4 1 0
github.com/vmpx/vmp-x/internal/lift/x64/lift.go:1980.3,1983.19 3 0
github.com/vmpx/vmp-x/internal/lift/x64/lift.go:1985.32,1986.35 1 0
github.com/vmpx/vmp-x/internal/lift/x64/lift.go:1986.35,1988.4 1 0
github.com/vmpx/vmp-x/internal/lift/x64/lift.go:1989.3,1990.24 2 0
github.com/vmpx/vmp-x/internal/lift/x64/lift.go:1990.24,1992.4 1 0
github.com/vmpx/vmp-x/internal/lift/x64/lift.go:1994.3,1995.14 2 0
github.com/vmpx/vmp-x/internal/lift/x64/lift.go:1995.14,1997.4 1 0
github.com/vmpx/vmp-x/internal/lift/x64/lift.go:1998.3,2002.10 5 0
github.com/vmpx/vmp-x/internal/lift/x64/lift.go:2003.25,2005.11 2 0
github.com/vmpx/vmp-x/internal/lift/x64/lift.go:2005.11,2007.5 1 0
github.com/vmpx/vmp-x/internal/lift/x64/lift.go:2008.4,2011.15 4 0
github.com/vmpx/vmp-x/internal/lift/x64/lift.go:2011.15,2013.5 1 0
github.com/vmpx/vmp-x/internal/lift/x64/lift.go:2014.4,2014.20 1 0
github.com/vmpx/vmp-x/internal/lift/x64/lift.go:2015.25,2017.11 2 0
github.com/vmpx/vmp-x/internal/lift/x64/lift.go:2017.11,2019.5 1 0
github.com/vmpx/vmp-x/internal/lift/x64/lift.go:2020.4,2022.20 2 0
github.com/vmpx/vmp-x/internal/lift/x64/lift.go:2023.15,2025.11 2 0
github.com/vmpx/vmp-x/internal/lift/x64/lift.go:2025.11,2027.5 1 0
github.com/vmpx/vmp-x/internal/lift/x64/lift.go:2028.4,2029.18 2 0
github.com/vmpx/vmp-x/internal/lift/x64/lift.go:2029.18,2031.5 1 0
github.com/vmpx/vmp-x/internal/lift/x64/lift.go:2032.4,2033.11 2 0
github.com/vmpx/vmp-x/internal/lift/x64/lift.go:2033.11,2035.5 1 0
github.com/vmpx/vmp-x/internal/lift/x64/lift.go:2036.4,2041.15 5 0
github.com/vmpx/vmp-x/internal/lift/x64/lift.go:2041.15,2043.5 1 0
github.com/vmpx/vmp-x/internal/lift/x64/lift.go:2044.4,2044.20 1 0
github.com/vmpx/vmp-x/internal/lift/x64/lift.go:2045.15,2047.11 2 0
github.com/vmpx/vmp-x/internal/lift/x64/lift.go:2047.11,2049.5 1 0
github.com/vmpx/vmp-x/internal/lift/x64/lift.go:2050.4,2051.18 2 0
github.com/vmpx/vmp-x/internal/lift/x64/lift.go:2051.18,2053.5 1 0
github.com/vmpx/vmp-x/internal/lift/x64/lift.go:2054.4,2055.11 2 0
github.com/vmpx/vmp-x/internal/lift/x64/lift.go:2055.11,2057.5 1 0
github.com/vmpx/vmp-x/internal/lift/x64/lift.go:2058.4,2061.20 3 0
github.com/vmpx/vmp-x/internal/lift/x64/lift.go:2063.3,2063.55 1 0
github.com/vmpx/vmp-x/internal/lift/x64/lift.go:2065.2,2065.19 1 1
github.com/vmpx/vmp-x/internal/lift/x64/lift.go:2068.73,2075.25 7 1
github.com/vmpx/vmp-x/internal/lift/x64/lift.go:2075.25,2075.81 3 1
github.com/vmpx/vmp-x/internal/lift/x64/lift.go:2077.2,2077.9 1 1
github.com/vmpx/vmp-x/internal/lift/x64/lift.go:2078.28,2080.13 2 1
github.com/vmpx/vmp-x/internal/lift/x64/lift.go:2081.23,2083.13 2 1
github.com/vmpx/vmp-x/internal/lift/x64/lift.go:2084.26,2086.17 2 1
github.com/vmpx/vmp-x/internal/lift/x64/lift.go:2086.17,2088.4 1 0
github.com/vmpx/vmp-x/internal/lift/x64/lift.go:2089.3,2091.13 2 1
github.com/vmpx/vmp-x/internal/lift/x64/lift.go:2092.23,2094.17 2 1
github.com/vmpx/vmp-x/internal/lift/x64/lift.go:2094.17,2096.4 1 0
github.com/vmpx/vmp-x/internal/lift/x64/lift.go:2097.3,2098.13 2 1
github.com/vmpx/vmp-x/internal/lift/x64/lift.go:2099.18,2101.17 2 0
github.com/vmpx/vmp-x/internal/lift/x64/lift.go:2101.17,2103.4 1 0
github.com/vmpx/vmp-x/internal/lift/x64/lift.go:2104.3,2107.13 4 0
github.com/vmpx/vmp-x/internal/lift/x64/lift.go:2109.2,2109.46 1 0
github.com/vmpx/vmp-x/internal/lift/x64/lift.go:2112.87,2119.25 7 1
github.com/vmpx/vmp-x/internal/lift/x64/lift.go:2119.25,2119.81 3 1
github.com/vmpx/vmp-x/internal/lift/x64/lift.go:2121.2,2121.9 1 1
github.com/vmpx/vmp-x/internal/lift/x64/lift.go:2122.28,2124.13 2 1
github.com/vmpx/vmp-x/internal/lift/x64/lift.go:2125.23,2127.13 2 1
github.com/vmpx/vmp-x/internal/lift/x64/lift.go:2128.29,2130.10 2 0
github.com/vmpx/vmp-x/internal/lift/x64/lift.go:2130.10,2132.4 1 0
github.com/vmpx/vmp-x/internal/lift/x64/lift.go:2133.3,2134.17 2 0
github.com/vmpx/vmp-x/internal/lift/x64/lift.go:2134.17,2136.4 1 0
github.com/vmpx/vmp-x/internal/lift/x64/lift.go:2137.3,2141.13 4 0
github.com/vmpx/vmp-x/internal/lift/x64/lift.go:2142.11,2144.17 2 0
github.com/vmpx/vmp-x/internal/lift/x64/lift.go:2144.17,2146.4 1 0
github.com/vmpx/vmp-x/internal/lift/x64/lift.go:2147.3,2150.15 3 0
github.com/vmpx/vmp-x/internal/lift/x64/lift.go:2150.15,2152.4 1 0
github.com/vmpx/vmp-x/internal/lift/x64/lift.go:2152.9,2152.17 1 0
github.com/vmpx/vmp-x/internal/lift/x64/lift.go:2152.17,2154.4 1 0
github.com/vmpx/vmp-x/internal/lift/x64/lift.go:2154.9,2156.4 1 0
github.com/vmpx/vmp-x/internal/lift/x64/lift.go:2157.3,2158.13 2 0
github.com/vmpx/vmp-x/internal/lift/x64/lift.go:2160.2,2160.46 1 0
github.com/vmpx/vmp-x/internal/lift/x64/lift.go:2163.90,2169.25 6 1
github.com/vmpx/vmp-x/internal/lift/x64/lift.go:2169.25,2169.81 3 1
github.com/vmpx/vmp-x/internal/lift/x64/lift.go:2171.2,2171.9 1 1
github.com/vmpx/vmp-x/internal/lift/x64/lift.go:2172.26,2174.13 2 1
github.com/vmpx/vmp-x/internal/lift/x64/lift.go:2175.21,2177.13 2 1
github.com/vmpx/vmp-x/internal/lift/x64/lift.go:2178.14,2180.10 2 1
github.com/vmpx/vmp-x/internal/lift/x64/lift.go:2180.10,2182.4 1 0
github.com/vmpx/vmp-x/internal/lift/x64/lift.go:2183.3,2184.17 2 1
github.com/vmpx/vmp-x/internal/lift/x64/lift.go:2184.17,2186.4 1 0
github.com/vmpx/vmp-x/internal/lift/x64/lift.go:2187.3,2191.13 4 1
github.com/vmpx/vmp-x/internal/lift/x64/lift.go:2193.2,2193.34 1 0
github.com/vmpx/vmp-x/internal/lift/x64/lift.go:2193.34,2195.17 2 0
github.com/vmpx/vmp-x/internal/lift/x64/lift.go:2195.17,2197.4 1 0
github.com/vmpx/vmp-x/internal/lift/x64/lift.go:2198.3,2201.10 3 0
github.com/vmpx/vmp-x/internal/lift/x64/lift.go:2202.17,2203.80 1 0
github.com/vmpx/vmp-x/internal/lift/x64/lift.go:2204.12,2205.98 1 0
github.com/vmpx/vmp-x/internal/lift/x64/lift.go:2206.11,2207.54 1 0
github.com/vmpx/vmp-x/internal/lift/x64/lift.go:2209.3,2209.13 1 0
github.com/vmpx/vmp-x/internal/lift/x64/lift.go:2211.2,2211.51 1 0
github.com/vmpx/vmp-x/internal/lift/x64/lift.go:2214.74,2216.25 2 0
github.com/vmpx/vmp-x/internal/lift/x64/lift.go:2216.25,2216.81 3 0
github.com/vmpx/vmp-x/internal/lift/x64/lift.go:2217.2,2222.38 2 0
github.com/vmpx/vmp-x/internal/lift/x64/lift.go:2222.38,2223.33 1 0
github.com/vmpx/vmp-x/internal/lift/x64/lift.go:2223.33,2225.4 1 0
github.com/vmpx/vmp-x/internal/lift/x64/lift.go:2226.3,2227.42 2 0
github.com/vmpx/vmp-x/internal/lift/x64/lift.go:2227.42,2229.4 1 0
github.com/vmpx/vmp-x/internal/lift/x64/lift.go:2229.9,2229.44 1 0
github.com/vmpx/vmp-x/internal/lift/x64/lift.go:2229.44,2231.19 2 0
github.com/vmpx/vmp-x/internal/lift/x64/lift.go:2231.19,2233.5 1 0
github.com/vmpx/vmp-x/internal/lift/x64/lift.go:2234.4,2237.18 3 0
github.com/vmpx/vmp-x/internal/lift/x64/lift.go:2238.9,2240.4 1 0
github.com/vmpx/vmp-x/internal/lift/x64/lift.go:2241.3,2244.13 4 0
github.com/vmpx/vmp-x/internal/lift/x64/lift.go:2247.2,2248.9 2 0
github.com/vmpx/vmp-x/internal/lift/x64/lift.go:2248.9,2250.3 1 0
github.com/vmpx/vmp-x/internal/lift/x64/lift.go:2252.2,2252.55 1 0
github.com/vmpx/vmp-x/internal/lift/x64/lift.go:2252.55,2253.21 1 0
github.com/vmpx/vmp-x/internal/lift/x64/lift.go:2253.21,2254.40 1 0
github.com/vmpx/vmp-x/internal/lift/x64/lift.go:2254.40,2257.5 2 0
github.com/vmpx/vmp-x/internal/lift/x64/lift.go:2259.3,2260.13 2 0
github.com/vmpx/vmp-x/internal/lift/x64/lift.go:2262.2,2262.36 1 0
github.com/vmpx/vmp-x/internal/lift/x64/lift.go:2262.36,2264.17 2 0
github.com/vmpx/vmp-x/internal/lift/x64/lift.go:2264.17,2266.4 1 0
github.com/vmpx/vmp-x/internal/lift/x64/lift.go:2267.3,2271.13 4 0
github.com/vmpx/vmp-x/internal/lift/x64/lift.go:2273.2,2273.47 1 0
github.com/vmpx/vmp-x/internal/lift/x64/lift.go:2276.89,2279.9 3 0
github.com/vmpx/vmp-x/internal/lift/x64/lift.go:2279.9,2281.3 1 0
github.com/vmpx/vmp-x/internal/lift/x64/lift.go:2282.2,2283.25 2 0
github.com/vmpx/vmp-x/internal/lift/x64/lift.go:2283.25,2283.81 3 0
github.com/vmpx/vmp-x/internal/lift/x64/lift.go:2285.2,2285.38 1 0
github.com/vmpx/vmp-x/internal/lift/x64/lift.go:2285.38,2288.3 2 0
github.com/vmpx/vmp-x/internal/lift/x64/lift.go:2289.2,2289.47 1 0
github.com/vmpx/vmp-x/internal/lift/x64/lift.go:2289.47,2290.18 1 0
github.com/vmpx/vmp-x/internal/lift/x64/lift.go:2290.18,2292.4 1 0
github.com/vmpx/vmp-x/internal/lift/x64/lift.go:2293.3,2294.13 2 0
github.com/vmpx/vmp-x/internal/lift/x64/lift.go:2296.2,2296.56 1 0
github.com/vmpx/vmp-x/internal/load/elf/elf.go:69.37,69.83 1 1
github.com/vmpx/vmp-x/internal/load/elf/elf.go:70.37,70.83 1 1
github.com/vmpx/vmp-x/internal/load/elf/elf.go:71.37,71.83 1 1
github.com/vmpx/vmp-x/internal/load/elf/elf.go:74.38,75.16 1 1
github.com/vmpx/vmp-x/internal/load/elf/elf.go:75.16,77.3 1 0
github.com/vmpx/vmp-x/internal/load/elf/elf.go:78.2,78.39 1 1
github.com/vmpx/vmp-x/internal/load/elf/elf.go:82.40,83.26 1 1
github.com/vmpx/vmp-x/internal/load/elf/elf.go:83.26,85.3 1 1
github.com/vmpx/vmp-x/internal/load/elf/elf.go:86.2,86.75 1 1
github.com/vmpx/vmp-x/internal/load/elf/elf.go:86.75,88.3 1 0
github.com/vmpx/vmp-x/internal/load/elf/elf.go:89.2,89.18 1 1
github.com/vmpx/vmp-x/internal/load/elf/elf.go:89.18,91.3 1 0
github.com/vmpx/vmp-x/internal/load/elf/elf.go:92.2,92.18 1 1
github.com/vmpx/vmp-x/internal/load/elf/elf.go:92.18,94.3 1 0
github.com/vmpx/vmp-x/internal/load/elf/elf.go:95.2,99.45 3 1
github.com/vmpx/vmp-x/internal/load/elf/elf.go:99.45,101.3 1 0
github.com/vmpx/vmp-x/internal/load/elf/elf.go:106.2,106.31 1 1
github.com/vmpx/vmp-x/internal/load/elf/elf.go:107.23,107.23 0 1
github.com/vmpx/vmp-x/internal/load/elf/elf.go:108.10,109.85 1 0
github.com/vmpx/vmp-x/internal/load/elf/elf.go:111.2,119.29 9 1
github.com/vmpx/vmp-x/internal/load/elf/elf.go:119.29,121.3 1 0
github.com/vmpx/vmp-x/internal/load/elf/elf.go:122.2,122.36 1 1
github.com/vmpx/vmp-x/internal/load/elf/elf.go:122.36,124.31 2 1
github.com/vmpx/vmp-x/internal/load/elf/elf.go:124.31,126.4 1 0
github.com/vmpx/vmp-x/internal/load/elf/elf.go:127.3,137.5 1 1
github.com/vmpx/vmp-x/internal/load/elf/elf.go:139.2,139.15 1 1
github.com/vmpx/vmp-x/internal/load/elf/elf.go:143.39,145.16 2 1
github.com/vmpx/vmp-x/internal/load/elf/elf.go:145.16,147.3 1 0
github.com/vmpx/vmp-x/internal/load/elf/elf.go:148.2,148.17 1 1
github.com/vmpx/vmp-x/internal/load/elf/elf.go:152.35,154.28 2 1
github.com/vmpx/vmp-x/internal/load/elf/elf.go:154.28,155.42 1 1
github.com/vmpx/vmp-x/internal/load/elf/elf.go:155.42,157.4 1 1
github.com/vmpx/vmp-x/internal/load/elf/elf.go:159.2,159.24 1 1
github.com/vmpx/vmp-x/internal/load/elf/elf.go:159.24,161.3 1 0
github.com/vmpx/vmp-x/internal/load/elf/elf.go:162.2,162.32 1 1
github.com/vmpx/vmp-x/internal/load/elf/elf.go:166.32,168.28 2 1
github.com/vmpx/vmp-x/internal/load/elf/elf.go:168.28,169.49 1 1
github.com/vmpx/vmp-x/internal/load/elf/elf.go:169.49,171.4 1 1
github.com/vmpx/vmp-x/internal/load/elf/elf.go:173.2,173.32 1 1
github.com/vmpx/vmp-x/internal/load/elf/elf.go:177.51,178.28 1 1
github.com/vmpx/vmp-x/internal/load/elf/elf.go:178.28,179.24 1 1
github.com/vmpx/vmp-x/internal/load/elf/elf.go:179.24,180.12 1 0
github.com/vmpx/vmp-x/internal/load/elf/elf.go:182.3,182.45 1 1
github.com/vmpx/vmp-x/internal/load/elf/elf.go:182.45,184.31 2 1
github.com/vmpx/vmp-x/internal/load/elf/elf.go:184.31,186.5 1 0
github.com/vmpx/vmp-x/internal/load/elf/elf.go:187.4,187.24 1 1
github.com/vmpx/vmp-x/internal/load/elf/elf.go:190.2,190.62 1 0
github.com/vmpx/vmp-x/internal/load/elf/elf.go:194.57,196.16 2 1
github.com/vmpx/vmp-x/internal/load/elf/elf.go:196.16,198.3 1 0
github.com/vmpx/vmp-x/internal/load/elf/elf.go:199.2,199.25 1 1
github.com/vmpx/vmp-x/internal/load/elf/elf.go:199.25,201.3 1 0
github.com/vmpx/vmp-x/internal/load/elf/elf.go:202.2,204.17 3 1
github.com/vmpx/vmp-x/internal/load/elf/elf.go:208.51,210.16 2 0
github.com/vmpx/vmp-x/internal/load/elf/elf.go:210.16,212.3 1 0
github.com/vmpx/vmp-x/internal/load/elf/elf.go:213.2,213.30 1 0
github.com/vmpx/vmp-x/internal/load/elf/elf.go:213.30,215.3 1 0
github.com/vmpx/vmp-x/internal/load/elf/elf.go:216.2,217.12 2 0
github.com/vmpx/vmp-x/internal/load/elf/elf.go:226.36,227.28 1 1
github.com/vmpx/vmp-x/internal/load/elf/elf.go:227.28,228.24 1 1
github.com/vmpx/vmp-x/internal/load/elf/elf.go:228.24,230.4 1 1
github.com/vmpx/vmp-x/internal/load/elf/elf.go:234.2,234.28 1 1
github.com/vmpx/vmp-x/internal/load/elf/elf.go:234.28,235.29 1 1
github.com/vmpx/vmp-x/internal/load/elf/elf.go:235.29,237.4 1 0
github.com/vmpx/vmp-x/internal/load/elf/elf.go:239.2,239.22 1 1
github.com/vmpx/vmp-x/internal/load/elf/elf.go:239.22,241.3 1 0
github.com/vmpx/vmp-x/internal/load/elf/elf.go:242.2,242.28 1 1
github.com/vmpx/vmp-x/internal/load/elf/elf.go:242.28,243.24 1 1
github.com/vmpx/vmp-x/internal/load/elf/elf.go:243.24,245.4 1 1
github.com/vmpx/vmp-x/internal/load/elf/elf.go:247.2,247.28 1 0
github.com/vmpx/vmp-x/internal/load/elf/elf.go:247.28,248.24 1 0
github.com/vmpx/vmp-x/internal/load/elf/elf.go:248.24,250.4 1 0
github.com/vmpx/vmp-x/internal/load/elf/elf.go:252.2,252.11 1 0
github.com/vmpx/vmp-x/internal/load/elf/elf.go:257.35,258.28 1 1
github.com/vmpx/vmp-x/internal/load/elf/elf.go:258.28,259.26 1 1
github.com/vmpx/vmp-x/internal/load/elf/elf.go:259.26,261.4 1 0
github.com/vmpx/vmp-x/internal/load/elf/elf.go:263.2,263.13 1 1
github.com/vmpx/vmp-x/internal/load/elf/elf.go:271.78,273.17 2 1
github.com/vmpx/vmp-x/internal/load/elf/elf.go:273.17,275.3 1 0
github.com/vmpx/vmp-x/internal/load/elf/elf.go:278.2,279.36 2 1
github.com/vmpx/vmp-x/internal/load/elf/elf.go:279.36,281.3 1 1
github.com/vmpx/vmp-x/internal/load/elf/elf.go:282.2,298.32 7 1
github.com/vmpx/vmp-x/internal/load/elf/elf.go:302.66,303.28 1 0
github.com/vmpx/vmp-x/internal/load/elf/elf.go:303.28,304.41 1 0
github.com/vmpx/vmp-x/internal/load/elf/elf.go:304.41,309.4 4 0
github.com/vmpx/vmp-x/internal/load/elf/elf.go:311.2,311.14 1 0
github.com/vmpx/vmp-x/internal/load/elf/elf.go:319.97,320.15 1 1
github.com/vmpx/vmp-x/internal/load/elf/elf.go:320.15,322.3 1 0
github.com/vmpx/vmp-x/internal/load/elf/elf.go:323.2,323.55 1 1
github.com/vmpx/vmp-x/internal/load/elf/elf.go:323.55,325.3 1 0
github.com/vmpx/vmp-x/internal/load/elf/elf.go:326.2,327.14 2 1
github.com/vmpx/vmp-x/internal/load/elf/elf.go:327.14,329.3 1 0
github.com/vmpx/vmp-x/internal/load/elf/elf.go:330.2,342.12 4 1
github.com/vmpx/vmp-x/internal/load/elf/elf.go:350.36,351.72 1 0
github.com/vmpx/vmp-x/internal/load/elf/elf.go:351.72,353.3 1 0
github.com/vmpx/vmp-x/internal/load/elf/elf.go:354.2,356.56 3 0
github.com/vmpx/vmp-x/internal/load/elf/elf.go:359.49,368.2 8 1
github.com/vmpx/vmp-x/internal/load/elf/elf.go:371.40,373.2 1 1
github.com/vmpx/vmp-x/internal/load/elf/elf.go:376.33,378.29 2 0
github.com/vmpx/vmp-x/internal/load/elf/elf.go:378.29,380.3 1 0
github.com/vmpx/vmp-x/internal/load/elf/elf.go:381.2,383.28 2 0
github.com/vmpx/vmp-x/internal/load/elf/elf.go:383.28,385.17 2 0
github.com/vmpx/vmp-x/internal/load/elf/elf.go:386.16,387.17 1 0
github.com/vmpx/vmp-x/internal/load/elf/elf.go:388.16,389.17 1 0
github.com/vmpx/vmp-x/internal/load/elf/elf.go:390.16,391.17 1 0
github.com/vmpx/vmp-x/internal/load/elf/elf.go:392.19,393.22 1 0
github.com/vmpx/vmp-x/internal/load/elf/elf.go:395.3,396.47 1 0
github.com/vmpx/vmp-x/internal/load/elf/elf.go:398.2,398.10 1 0
github.com/vmpx/vmp-x/internal/scan/elf.go:10.82,12.16 2 1
github.com/vmpx/vmp-x/internal/scan/elf.go:12.16,14.3 1 0
github.com/vmpx/vmp-x/internal/scan/elf.go:15.2,19.41 3 1
github.com/vmpx/vmp-x/internal/scan/elf.go:19.41,21.3 1 0
github.com/vmpx/vmp-x/internal/scan/elf.go:22.2,22.48 1 1
github.com/vmpx/vmp-x/internal/scan/elf.go:22.48,24.3 1 1
github.com/vmpx/vmp-x/internal/scan/elf.go:25.2,25.20 1 1
github.com/vmpx/vmp-x/internal/scan/elf.go:25.20,27.3 1 0
github.com/vmpx/vmp-x/internal/scan/elf.go:28.2,30.22 3 1
github.com/vmpx/vmp-x/internal/scan/elf.go:30.22,32.60 2 1
github.com/vmpx/vmp-x/internal/scan/elf.go:32.60,34.9 2 1
github.com/vmpx/vmp-x/internal/scan/elf.go:37.2,37.19 1 1
github.com/vmpx/vmp-x/internal/scan/elf.go:37.19,39.3 1 0
github.com/vmpx/vmp-x/internal/scan/elf.go:40.2,41.30 2 1
github.com/vmpx/vmp-x/internal/scan/elf.go:41.30,43.3 1 0
github.com/vmpx/vmp-x/internal/scan/elf.go:44.2,46.21 2 1
github.com/vmpx/vmp-x/internal/scan/elf.go:46.21,48.17 2 1
github.com/vmpx/vmp-x/internal/scan/elf.go:48.17,50.4 1 0
github.com/vmpx/vmp-x/internal/scan/elf.go:52.3,52.102 1 1
github.com/vmpx/vmp-x/internal/scan/elf.go:52.102,54.4 1 1
github.com/vmpx/vmp-x/internal/scan/elf.go:55.3,55.85 1 0
github.com/vmpx/vmp-x/internal/scan/elf.go:58.2,59.22 2 0
github.com/vmpx/vmp-x/internal/scan/elf.go:59.22,61.69 2 0
github.com/vmpx/vmp-x/internal/scan/elf.go:61.69,62.12 1 0
github.com/vmpx/vmp-x/internal/scan/elf.go:64.3,64.32 1 0
github.com/vmpx/vmp-x/internal/scan/elf.go:64.32,66.4 1 0
github.com/vmpx/vmp-x/internal/scan/elf.go:68.2,68.37 1 0
github.com/vmpx/vmp-x/internal/scan/elf.go:68.37,70.3 1 0
github.com/vmpx/vmp-x/internal/scan/elf.go:71.2,72.16 2 0
github.com/vmpx/vmp-x/internal/scan/elf.go:72.16,74.3 1 0
github.com/vmpx/vmp-x/internal/scan/elf.go:75.2,76.16 2 0
github.com/vmpx/vmp-x/internal/scan/elf.go:76.16,78.3 1 0
github.com/vmpx/vmp-x/internal/scan/elf.go:79.2,79.103 1 0
github.com/vmpx/vmp-x/internal/scan/elf.go:83.60,84.28 1 1
github.com/vmpx/vmp-x/internal/scan/elf.go:84.28,85.28 1 1
github.com/vmpx/vmp-x/internal/scan/elf.go:85.28,86.12 1 0
github.com/vmpx/vmp-x/internal/scan/elf.go:88.3,88.56 1 1
github.com/vmpx/vmp-x/internal/scan/elf.go:88.56,90.62 2 1
github.com/vmpx/vmp-x/internal/scan/elf.go:90.62,92.5 1 0
github.com/vmpx/vmp-x/internal/scan/elf.go:93.4,93.19 1 1
github.com/vmpx/vmp-x/internal/scan/elf.go:96.2,96.73 1 0
github.com/vmpx/vmp-x/internal/scan/scan.go:31.73,33.16 2 0
github.com/vmpx/vmp-x/internal/scan/scan.go:33.16,35.3 1 0
github.com/vmpx/vmp-x/internal/scan/scan.go:36.2,39.31 3 0
github.com/vmpx/vmp-x/internal/scan/scan.go:39.31,40.44 1 0
github.com/vmpx/vmp-x/internal/scan/scan.go:40.44,42.9 2 0
github.com/vmpx/vmp-x/internal/scan/scan.go:45.2,45.19 1 0
github.com/vmpx/vmp-x/internal/scan/scan.go:45.19,47.3 1 0
github.com/vmpx/vmp-x/internal/scan/scan.go:48.2,49.45 2 0
github.com/vmpx/vmp-x/internal/scan/scan.go:49.45,51.3 1 0
github.com/vmpx/vmp-x/internal/scan/scan.go:52.2,54.26 3 0
github.com/vmpx/vmp-x/internal/scan/scan.go:54.26,56.3 1 0
github.com/vmpx/vmp-x/internal/scan/scan.go:62.2,68.51 3 0
github.com/vmpx/vmp-x/internal/scan/scan.go:68.51,69.12 1 0
github.com/vmpx/vmp-x/internal/scan/scan.go:70.23,72.43 2 0
github.com/vmpx/vmp-x/internal/scan/scan.go:72.43,74.5 1 0
github.com/vmpx/vmp-x/internal/scan/scan.go:75.16,76.45 1 0
github.com/vmpx/vmp-x/internal/scan/scan.go:76.45,78.5 1 0
github.com/vmpx/vmp-x/internal/scan/scan.go:79.15,80.32 1 0
github.com/vmpx/vmp-x/internal/scan/scan.go:80.32,82.46 2 0
github.com/vmpx/vmp-x/internal/scan/scan.go:82.46,84.6 1 0
github.com/vmpx/vmp-x/internal/scan/scan.go:87.3,87.18 1 0
github.com/vmpx/vmp-x/internal/scan/scan.go:91.2,91.38 1 0
github.com/vmpx/vmp-x/internal/scan/scan.go:91.38,93.32 2 0
github.com/vmpx/vmp-x/internal/scan/scan.go:93.32,94.47 1 0
github.com/vmpx/vmp-x/internal/scan/scan.go:94.47,95.13 1 0
github.com/vmpx/vmp-x/internal/scan/scan.go:99.4,99.46 1 0
github.com/vmpx/vmp-x/internal/scan/scan.go:99.46,100.13 1 0
github.com/vmpx/vmp-x/internal/scan/scan.go:102.4,102.48 1 0
github.com/vmpx/vmp-x/internal/scan/scan.go:102.48,104.5 1 0
github.com/vmpx/vmp-x/internal/scan/scan.go:106.3,106.13 1 0
github.com/vmpx/vmp-x/internal/scan/scan.go:109.2,110.60 2 0
github.com/vmpx/vmp-x/internal/scan/scan.go:110.60,112.10 2 0
github.com/vmpx/vmp-x/internal/scan/scan.go:112.10,113.12 1 0
github.com/vmpx/vmp-x/internal/scan/scan.go:115.3,116.35 2 0
github.com/vmpx/vmp-x/internal/scan/scan.go:116.35,117.40 1 0
github.com/vmpx/vmp-x/internal/scan/scan.go:117.40,119.5 1 0
github.com/vmpx/vmp-x/internal/scan/scan.go:121.3,121.31 1 0
github.com/vmpx/vmp-x/internal/scan/scan.go:121.31,123.4 1 0
github.com/vmpx/vmp-x/internal/scan/scan.go:124.3,124.17 1 0
github.com/vmpx/vmp-x/internal/scan/scan.go:124.17,125.12 1 0
github.com/vmpx/vmp-x/internal/scan/scan.go:127.3,129.49 3 0
github.com/vmpx/vmp-x/internal/scan/scan.go:129.49,130.12 1 0
github.com/vmpx/vmp-x/internal/scan/scan.go:132.3,137.34 6 0
github.com/vmpx/vmp-x/internal/scan/scan.go:137.34,139.4 1 0
github.com/vmpx/vmp-x/internal/scan/scan.go:139.9,141.4 1 0
github.com/vmpx/vmp-x/internal/scan/scan.go:142.3,142.18 1 0
github.com/vmpx/vmp-x/internal/scan/scan.go:142.18,144.12 2 0
github.com/vmpx/vmp-x/internal/scan/scan.go:146.3,146.104 1 0
github.com/vmpx/vmp-x/internal/scan/scan.go:148.2,148.20 1 0
github.com/vmpx/vmp-x/internal/scan/scan.go:148.20,150.3 1 0
github.com/vmpx/vmp-x/internal/scan/scan.go:151.2,151.145 1 0
github.com/vmpx/vmp-x/internal/scan/scan.go:161.77,166.19 2 0
github.com/vmpx/vmp-x/internal/scan/scan.go:166.19,168.3 1 0
github.com/vmpx/vmp-x/internal/scan/scan.go:169.2,170.13 2 0
github.com/vmpx/vmp-x/internal/scan/scan.go:170.13,172.13 2 0
github.com/vmpx/vmp-x/internal/scan/scan.go:172.13,174.12 2 0
github.com/vmpx/vmp-x/internal/scan/scan.go:176.3,176.32 1 0
github.com/vmpx/vmp-x/internal/scan/scan.go:176.32,178.4 1 0
github.com/vmpx/vmp-x/internal/scan/scan.go:179.3,179.107 1 0
github.com/vmpx/vmp-x/internal/scan/scan.go:181.2,181.65 1 0
github.com/vmpx/vmp-x/internal/scan/scan.go:185.90,189.22 4 1
github.com/vmpx/vmp-x/internal/scan/scan.go:189.22,191.17 2 1
github.com/vmpx/vmp-x/internal/scan/scan.go:191.17,192.9 1 0
github.com/vmpx/vmp-x/internal/scan/scan.go:194.3,195.19 2 1
github.com/vmpx/vmp-x/internal/scan/scan.go:197.2,197.21 1 1
github.com/vmpx/vmp-x/internal/scan/scan.go:197.21,199.3 1 0
github.com/vmpx/vmp-x/internal/scan/scan.go:200.2,201.36 2 1
github.com/vmpx/vmp-x/internal/scan/scan.go:201.36,203.3 1 0
github.com/vmpx/vmp-x/internal/scan/scan.go:204.2,204.11 1 1
github.com/vmpx/vmp-x/internal/scan/scan.go:204.11,206.3 1 0
github.com/vmpx/vmp-x/internal/scan/scan.go:207.2,208.29 2 1
github.com/vmpx/vmp-x/internal/scan/scan.go:208.29,210.3 1 0
github.com/vmpx/vmp-x/internal/scan/scan.go:211.2,212.31 2 1
github.com/vmpx/vmp-x/internal/scan/scan.go:216.38,217.28 1 1
github.com/vmpx/vmp-x/internal/scan/scan.go:217.28,219.3 1 0
github.com/vmpx/vmp-x/internal/scan/scan.go:220.2,220.44 1 1
github.com/vmpx/vmp-x/internal/scan/scan.go:220.44,222.3 1 0
github.com/vmpx/vmp-x/internal/scan/scan.go:223.2,224.28 2 1
github.com/vmpx/vmp-x/internal/scan/scan.go:224.28,225.13 1 1
github.com/vmpx/vmp-x/internal/scan/scan.go:225.13,227.9 2 1
github.com/vmpx/vmp-x/internal/scan/scan.go:230.2,230.13 1 1
github.com/vmpx/vmp-x/internal/scan/scan.go:230.13,232.3 1 0
github.com/vmpx/vmp-x/internal/scan/scan.go:233.2,233.29 1 1
github.com/vmpx/vmp-x/internal/scan/scan.go:233.29,237.3 3 0
github.com/vmpx/vmp-x/internal/scan/scan.go:238.2,238.14 1 1
github.com/vmpx/vmp-x/internal/decode/arm64/decode.go:77.32,78.31 1 0
github.com/vmpx/vmp-x/internal/decode/arm64/decode.go:78.31,80.3 1 0
github.com/vmpx/vmp-x/internal/decode/arm64/decode.go:81.2,81.43 1 0
github.com/vmpx/vmp-x/internal/decode/arm64/decode.go:94.26,94.38 1 0
github.com/vmpx/vmp-x/internal/decode/arm64/decode.go:96.30,96.79 1 1
github.com/vmpx/vmp-x/internal/decode/arm64/decode.go:98.39,100.24 2 1
github.com/vmpx/vmp-x/internal/decode/arm64/decode.go:100.24,101.17 1 1
github.com/vmpx/vmp-x/internal/decode/arm64/decode.go:101.17,102.9 1 1
github.com/vmpx/vmp-x/internal/decode/arm64/decode.go:104.3,104.14 1 1
github.com/vmpx/vmp-x/internal/decode/arm64/decode.go:104.14,106.4 1 1
github.com/vmpx/vmp-x/internal/decode/arm64/decode.go:107.3,107.20 1 1
github.com/vmpx/vmp-x/internal/decode/arm64/decode.go:109.2,109.10 1 1
github.com/vmpx/vmp-x/internal/decode/arm64/decode.go:112.32,114.2 1 0
github.com/vmpx/vmp-x/internal/decode/arm64/decode.go:117.51,118.19 1 1
github.com/vmpx/vmp-x/internal/decode/arm64/decode.go:118.19,120.3 1 1
github.com/vmpx/vmp-x/internal/decode/arm64/decode.go:121.2,123.16 3 1
github.com/vmpx/vmp-x/internal/decode/arm64/decode.go:123.16,125.3 1 1
github.com/vmpx/vmp-x/internal/decode/arm64/decode.go:126.2,126.88 1 1
github.com/vmpx/vmp-x/internal/decode/arm64/decode.go:130.74,131.22 1 1
github.com/vmpx/vmp-x/internal/decode/arm64/decode.go:131.22,133.3 1 1
github.com/vmpx/vmp-x/internal/decode/arm64/decode.go:134.2,135.34 2 1
github.com/vmpx/vmp-x/internal/decode/arm64/decode.go:135.34,137.3 1 0
github.com/vmpx/vmp-x/internal/decode/arm64/decode.go:138.2,139.25 2 1
github.com/vmpx/vmp-x/internal/decode/arm64/decode.go:139.25,141.17 2 1
github.com/vmpx/vmp-x/internal/decode/arm64/decode.go:141.17,143.4 1 1
github.com/vmpx/vmp-x/internal/decode/arm64/decode.go:144.3,144.25 1 1
github.com/vmpx/vmp-x/internal/decode/arm64/decode.go:146.2,146.17 1 1
github.com/vmpx/vmp-x/internal/decode/arm64/decode.go:150.31,151.9 1 1
github.com/vmpx/vmp-x/internal/decode/arm64/decode.go:153.34,154.24 1 1
github.com/vmpx/vmp-x/internal/decode/arm64/decode.go:155.34,156.25 1 1
github.com/vmpx/vmp-x/internal/decode/arm64/decode.go:157.34,158.28 1 1
github.com/vmpx/vmp-x/internal/decode/arm64/decode.go:159.34,160.25 1 1
github.com/vmpx/vmp-x/internal/decode/arm64/decode.go:161.34,162.24 1 1
github.com/vmpx/vmp-x/internal/decode/arm64/decode.go:163.34,164.20 1 1
github.com/vmpx/vmp-x/internal/decode/arm64/decode.go:167.34,168.24 1 1
github.com/vmpx/vmp-x/internal/decode/arm64/decode.go:169.34,170.25 1 1
github.com/vmpx/vmp-x/internal/decode/arm64/decode.go:171.34,172.23 1 1
github.com/vmpx/vmp-x/internal/decode/arm64/decode.go:173.34,174.23 1 1
github.com/vmpx/vmp-x/internal/decode/arm64/decode.go:177.34,178.28 1 1
github.com/vmpx/vmp-x/internal/decode/arm64/decode.go:179.34,180.29 1 1
github.com/vmpx/vmp-x/internal/decode/arm64/decode.go:181.34,182.29 1 1
github.com/vmpx/vmp-x/internal/decode/arm64/decode.go:183.34,184.25 1 1
github.com/vmpx/vmp-x/internal/decode/arm64/decode.go:185.34,186.24 1 1
github.com/vmpx/vmp-x/internal/decode/arm64/decode.go:187.34,188.24 1 0
github.com/vmpx/vmp-x/internal/decode/arm64/decode.go:191.34,192.21 1 1
github.com/vmpx/vmp-x/internal/decode/arm64/decode.go:192.21,194.4 1 1
github.com/vmpx/vmp-x/internal/decode/arm64/decode.go:195.3,195.28 1 1
github.com/vmpx/vmp-x/internal/decode/arm64/decode.go:200.26,201.21 1 1
github.com/vmpx/vmp-x/internal/decode/arm64/decode.go:201.21,203.4 1 1
github.com/vmpx/vmp-x/internal/decode/arm64/decode.go:204.3,204.26 1 1
github.com/vmpx/vmp-x/internal/decode/arm64/decode.go:205.26,206.21 1 1
github.com/vmpx/vmp-x/internal/decode/arm64/decode.go:206.21,208.4 1 1
github.com/vmpx/vmp-x/internal/decode/arm64/decode.go:209.3,209.24 1 1
github.com/vmpx/vmp-x/internal/decode/arm64/decode.go:210.26,211.21 1 1
github.com/vmpx/vmp-x/internal/decode/arm64/decode.go:211.21,213.4 1 1
github.com/vmpx/vmp-x/internal/decode/arm64/decode.go:214.3,214.28 1 0
github.com/vmpx/vmp-x/internal/decode/arm64/decode.go:215.34,216.20 1 1
github.com/vmpx/vmp-x/internal/decode/arm64/decode.go:219.23,220.19 1 1
github.com/vmpx/vmp-x/internal/decode/arm64/decode.go:221.34,222.19 1 0
github.com/vmpx/vmp-x/internal/decode/arm64/decode.go:224.2,224.21 1 0
github.com/vmpx/vmp-x/internal/decode/arm64/decode.go:231.40,233.25 2 0
github.com/vmpx/vmp-x/internal/decode/arm64/decode.go:234.12,235.13 1 0
github.com/vmpx/vmp-x/internal/decode/arm64/decode.go:235.13,237.4 1 0
github.com/vmpx/vmp-x/internal/decode/arm64/decode.go:238.3,238.20 1 0
github.com/vmpx/vmp-x/internal/decode/arm64/decode.go:239.24,240.13 1 0
github.com/vmpx/vmp-x/internal/decode/arm64/decode.go:240.13,242.4 1 0
github.com/vmpx/vmp-x/internal/decode/arm64/decode.go:243.3,243.24 1 0
github.com/vmpx/vmp-x/internal/decode/arm64/decode.go:245.2,245.21 1 0
github.com/vmpx/vmp-x/internal/decode/arm64/decode.go:256.33,257.35 1 0
github.com/vmpx/vmp-x/internal/decode/arm64/decode.go:257.35,259.3 1 0
github.com/vmpx/vmp-x/internal/decode/arm64/decode.go:260.2,261.33 2 0
github.com/vmpx/vmp-x/internal/decode/arm64/decode.go:262.20,263.20 1 0
github.com/vmpx/vmp-x/internal/decode/arm64/decode.go:264.22,265.20 1 0
github.com/vmpx/vmp-x/internal/decode/arm64/decode.go:266.10,267.12 1 0
github.com/vmpx/vmp-x/internal/decode/arm64/decode.go:269.2,269.14 1 0
github.com/vmpx/vmp-x/internal/decode/arm64/decode.go:270.33,271.12 1 0
github.com/vmpx/vmp-x/internal/decode/arm64/decode.go:273.2,273.58 1 0
github.com/vmpx/vmp-x/internal/decode/arm64/decode.go:273.58,275.34 2 0
github.com/vmpx/vmp-x/internal/decode/arm64/decode.go:275.34,276.38 1 0
github.com/vmpx/vmp-x/internal/decode/arm64/decode.go:276.38,278.5 1 0
github.com/vmpx/vmp-x/internal/decode/arm64/decode.go:279.4,279.31 1 0
github.com/vmpx/vmp-x/internal/decode/arm64/decode.go:281.3,281.14 1 0
github.com/vmpx/vmp-x/internal/decode/arm64/decode.go:281.14,283.4 1 0
github.com/vmpx/vmp-x/internal/decode/arm64/decode.go:285.2,285.11 1 0
github.com/vmpx/vmp-x/internal/decode/arm64/decode.go:292.41,293.35 1 0
github.com/vmpx/vmp-x/internal/decode/arm64/decode.go:293.35,295.3 1 0
github.com/vmpx/vmp-x/internal/decode/arm64/decode.go:296.2,297.33 2 0
github.com/vmpx/vmp-x/internal/decode/arm64/decode.go:298.20,299.20 1 0
github.com/vmpx/vmp-x/internal/decode/arm64/decode.go:300.22,301.20 1 0
github.com/vmpx/vmp-x/internal/decode/arm64/decode.go:302.10,303.11 1 0
github.com/vmpx/vmp-x/internal/decode/arm64/decode.go:305.2,305.16 1 0
github.com/vmpx/vmp-x/internal/decode/arm64/decode.go:305.16,307.3 1 0
github.com/vmpx/vmp-x/internal/decode/arm64/decode.go:308.2,308.14 1 0
github.com/vmpx/vmp-x/internal/decode/arm64/decode.go:309.19,310.12 1 0
github.com/vmpx/vmp-x/internal/decode/arm64/decode.go:311.20,312.12 1 0
github.com/vmpx/vmp-x/internal/decode/arm64/decode.go:314.2,314.17 1 0
github.com/vmpx/vmp-x/internal/decode/arm64/decode.go:315.11,316.12 1 0
github.com/vmpx/vmp-x/internal/decode/arm64/decode.go:317.11,318.12 1 0
github.com/vmpx/vmp-x/internal/decode/arm64/decode.go:320.2,320.10 1 0
github.com/vmpx/vmp-x/internal/decode/arm64/decode.go:324.43,325.35 1 0
github.com/vmpx/vmp-x/internal/decode/arm64/decode.go:325.35,327.3 1 0
github.com/vmpx/vmp-x/internal/decode/arm64/decode.go:328.2,328.33 1 0
github.com/vmpx/vmp-x/internal/decode/arm64/decode.go:329.20,330.28 1 0
github.com/vmpx/vmp-x/internal/decode/arm64/decode.go:331.22,332.28 1 0
github.com/vmpx/vmp-x/internal/decode/arm64/decode.go:333.22,334.24 1 0
github.com/vmpx/vmp-x/internal/decode/arm64/decode.go:336.2,336.17 1 0
github.com/vmpx/vmp-x/internal/decode/arm64/decode.go:340.38,341.27 1 0
github.com/vmpx/vmp-x/internal/decode/arm64/decode.go:341.27,342.37 1 0
github.com/vmpx/vmp-x/internal/decode/arm64/decode.go:342.37,345.4 1 0
github.com/vmpx/vmp-x/internal/decode/arm64/decode.go:347.2,347.17 1 0
github.com/vmpx/vmp-x/internal/decode/arm64/decode.go:351.32,352.17 1 0
github.com/vmpx/vmp-x/internal/decode/arm64/decode.go:353.92,354.14 1 0
github.com/vmpx/vmp-x/internal/decode/arm64/decode.go:356.2,356.14 1 0
github.com/vmpx/vmp-x/internal/decode/arm64/decode.go:360.45,361.27 1 1
github.com/vmpx/vmp-x/internal/decode/arm64/decode.go:361.27,362.38 1 1
github.com/vmpx/vmp-x/internal/decode/arm64/decode.go:362.38,364.4 1 1
github.com/vmpx/vmp-x/internal/decode/arm64/decode.go:366.2,366.17 1 0
github.com/vmpx/vmp-x/internal/vm/codegen.go:48.28,49.15 1 0
github.com/vmpx/vmp-x/internal/vm/codegen.go:50.31,51.11 1 0
github.com/vmpx/vmp-x/internal/vm/codegen.go:52.16,53.11 1 0
github.com/vmpx/vmp-x/internal/vm/codegen.go:54.16,55.12 1 0
github.com/vmpx/vmp-x/internal/vm/codegen.go:56.14,57.12 1 0
github.com/vmpx/vmp-x/internal/vm/codegen.go:58.16,59.11 1 0
github.com/vmpx/vmp-x/internal/vm/codegen.go:60.16,61.11 1 0
github.com/vmpx/vmp-x/internal/vm/codegen.go:62.15,63.11 1 0
github.com/vmpx/vmp-x/internal/vm/codegen.go:64.16,65.11 1 0
github.com/vmpx/vmp-x/internal/vm/codegen.go:66.16,67.11 1 0
github.com/vmpx/vmp-x/internal/vm/codegen.go:68.14,69.11 1 0
github.com/vmpx/vmp-x/internal/vm/codegen.go:70.15,71.12 1 0
github.com/vmpx/vmp-x/internal/vm/codegen.go:72.16,73.12 1 0
github.com/vmpx/vmp-x/internal/vm/codegen.go:74.25,75.11 1 0
github.com/vmpx/vmp-x/internal/vm/codegen.go:76.16,77.11 1 0
github.com/vmpx/vmp-x/internal/vm/codegen.go:78.14,79.11 1 0
github.com/vmpx/vmp-x/internal/vm/codegen.go:80.14,81.11 1 0
github.com/vmpx/vmp-x/internal/vm/codegen.go:82.27,83.11 1 0
github.com/vmpx/vmp-x/internal/vm/codegen.go:84.16,85.11 1 0
github.com/vmpx/vmp-x/internal/vm/codegen.go:86.16,87.11 1 0
github.com/vmpx/vmp-x/internal/vm/codegen.go:88.17,89.12 1 0
github.com/vmpx/vmp-x/internal/vm/codegen.go:90.13,91.12 1 0
github.com/vmpx/vmp-x/internal/vm/codegen.go:93.2,93.10 1 0
github.com/vmpx/vmp-x/internal/vm/codegen.go:103.44,106.25 3 0
github.com/vmpx/vmp-x/internal/vm/codegen.go:106.25,109.14 3 0
github.com/vmpx/vmp-x/internal/vm/codegen.go:109.14,111.4 1 0
github.com/vmpx/vmp-x/internal/vm/codegen.go:112.3,112.14 1 0
github.com/vmpx/vmp-x/internal/vm/codegen.go:115.2,116.25 2 0
github.com/vmpx/vmp-x/internal/vm/codegen.go:116.25,118.16 2 0
github.com/vmpx/vmp-x/internal/vm/codegen.go:119.15,120.28 1 0
github.com/vmpx/vmp-x/internal/vm/codegen.go:121.16,122.29 1 0
github.com/vmpx/vmp-x/internal/vm/codegen.go:123.15,124.28 1 0
github.com/vmpx/vmp-x/internal/vm/codegen.go:126.17,127.72 1 0
github.com/vmpx/vmp-x/internal/vm/codegen.go:128.17,130.32 2 0
github.com/vmpx/vmp-x/internal/vm/codegen.go:131.15,133.41 2 0
github.com/vmpx/vmp-x/internal/vm/codegen.go:135.17,136.93 1 0
github.com/vmpx/vmp-x/internal/vm/codegen.go:137.17,139.40 2 0
github.com/vmpx/vmp-x/internal/vm/codegen.go:140.16,141.80 1 0
github.com/vmpx/vmp-x/internal/vm/codegen.go:143.17,144.79 1 0
github.com/vmpx/vmp-x/internal/vm/codegen.go:145.17,147.40 2 0
github.com/vmpx/vmp-x/internal/vm/codegen.go:149.15,150.78 1 0
github.com/vmpx/vmp-x/internal/vm/codegen.go:152.16,155.41 2 0
github.com/vmpx/vmp-x/internal/vm/codegen.go:156.17,159.33 3 0
github.com/vmpx/vmp-x/internal/vm/codegen.go:161.17,162.44 1 0
github.com/vmpx/vmp-x/internal/vm/codegen.go:163.16,164.43 1 0
github.com/vmpx/vmp-x/internal/vm/codegen.go:165.17,167.40 2 0
github.com/vmpx/vmp-x/internal/vm/codegen.go:169.15,170.50 1 0
github.com/vmpx/vmp-x/internal/vm/codegen.go:170.50,172.5 1 0
github.com/vmpx/vmp-x/internal/vm/codegen.go:173.4,174.52 2 0
github.com/vmpx/vmp-x/internal/vm/codegen.go:175.15,176.50 1 0
github.com/vmpx/vmp-x/internal/vm/codegen.go:176.50,178.5 1 0
github.com/vmpx/vmp-x/internal/vm/codegen.go:179.4,180.52 2 0
github.com/vmpx/vmp-x/internal/vm/codegen.go:182.28,183.50 1 0
github.com/vmpx/vmp-x/internal/vm/codegen.go:183.50,185.5 1 0
github.com/vmpx/vmp-x/internal/vm/codegen.go:186.4,187.26 2 0
github.com/vmpx/vmp-x/internal/vm/codegen.go:187.26,189.5 1 0
github.com/vmpx/vmp-x/internal/vm/codegen.go:190.4,191.52 2 0
github.com/vmpx/vmp-x/internal/vm/codegen.go:193.17,195.32 2 0
github.com/vmpx/vmp-x/internal/vm/codegen.go:197.17,198.42 1 0
github.com/vmpx/vmp-x/internal/vm/codegen.go:200.18,203.41 2 0
github.com/vmpx/vmp-x/internal/vm/codegen.go:205.14,209.41 4 0
github.com/vmpx/vmp-x/internal/vm/codegen.go:211.11,212.63 1 0
github.com/vmpx/vmp-x/internal/vm/codegen.go:216.2,216.23 1 0
github.com/vmpx/vmp-x/internal/vm/codegen.go:216.23,218.3 1 0
github.com/vmpx/vmp-x/internal/vm/codegen.go:219.2,219.50 1 0
github.com/vmpx/vmp-x/internal/vm/codegen.go:226.33,227.26 1 0
github.com/vmpx/vmp-x/internal/vm/codegen.go:227.26,229.3 1 0
github.com/vmpx/vmp-x/internal/vm/codegen.go:230.2,230.23 1 0
github.com/vmpx/vmp-x/internal/vm/codegen.go:233.33,234.43 1 0
github.com/vmpx/vmp-x/internal/vm/codegen.go:234.43,236.3 1 0
github.com/vmpx/vmp-x/internal/vm/codegen.go:237.2,237.17 1 0
github.com/vmpx/vmp-x/internal/vm/codegen.go:240.43,244.2 3 0
github.com/vmpx/vmp-x/internal/vm/codegen.go:246.43,250.2 3 0
github.com/vmpx/vmp-x/internal/vm/disasm.go:45.28,46.33 1 1
github.com/vmpx/vmp-x/internal/vm/disasm.go:46.33,48.3 1 1
github.com/vmpx/vmp-x/internal/vm/disasm.go:49.2,49.10 1 0
github.com/vmpx/vmp-x/internal/vm/disasm.go:53.33,54.33 1 0
github.com/vmpx/vmp-x/internal/vm/disasm.go:54.33,56.3 1 0
github.com/vmpx/vmp-x/internal/vm/disasm.go:57.2,57.43 1 0
github.com/vmpx/vmp-x/internal/vm/disasm.go:67.24,68.15 1 1
github.com/vmpx/vmp-x/internal/vm/disasm.go:68.15,70.3 1 1
github.com/vmpx/vmp-x/internal/vm/disasm.go:71.2,71.28 1 1
github.com/vmpx/vmp-x/internal/vm/disasm.go:71.28,73.3 1 1
github.com/vmpx/vmp-x/internal/vm/disasm.go:74.2,74.30 1 0
github.com/vmpx/vmp-x/internal/vm/disasm.go:77.46,78.25 1 1
github.com/vmpx/vmp-x/internal/vm/disasm.go:78.25,80.3 1 1
github.com/vmpx/vmp-x/internal/vm/disasm.go:81.2,81.30 1 0
github.com/vmpx/vmp-x/internal/vm/disasm.go:85.51,86.21 1 1
github.com/vmpx/vmp-x/internal/vm/disasm.go:86.21,88.3 1 0
github.com/vmpx/vmp-x/internal/vm/disasm.go:89.2,91.12 3 1
github.com/vmpx/vmp-x/internal/vm/disasm.go:91.12,93.3 1 0
github.com/vmpx/vmp-x/internal/vm/disasm.go:94.2,94.30 1 1
github.com/vmpx/vmp-x/internal/vm/disasm.go:94.30,96.3 1 0
github.com/vmpx/vmp-x/internal/vm/disasm.go:97.2,97.30 1 1
github.com/vmpx/vmp-x/internal/vm/disasm.go:97.30,97.82 1 1
github.com/vmpx/vmp-x/internal/vm/disasm.go:99.2,99.12 1 1
github.com/vmpx/vmp-x/internal/vm/disasm.go:100.13,102.105 1 1
github.com/vmpx/vmp-x/internal/vm/disasm.go:103.15,105.113 1 1
github.com/vmpx/vmp-x/internal/vm/disasm.go:106.15,108.105 1 1
github.com/vmpx/vmp-x/internal/vm/disasm.go:109.14,111.96 1 0
github.com/vmpx/vmp-x/internal/vm/disasm.go:112.15,114.97 1 0
github.com/vmpx/vmp-x/internal/vm/disasm.go:115.15,117.89 1 0
github.com/vmpx/vmp-x/internal/vm/disasm.go:118.15,119.102 1 0
github.com/vmpx/vmp-x/internal/vm/disasm.go:120.14,123.73 1 0
github.com/vmpx/vmp-x/internal/vm/disasm.go:124.15,126.73 1 0
github.com/vmpx/vmp-x/internal/vm/disasm.go:127.13,129.109 1 0
github.com/vmpx/vmp-x/internal/vm/disasm.go:130.13,131.90 1 0
github.com/vmpx/vmp-x/internal/vm/disasm.go:132.13,133.64 1 0
github.com/vmpx/vmp-x/internal/vm/disasm.go:134.13,135.86 1 0
github.com/vmpx/vmp-x/internal/vm/disasm.go:136.14,137.87 1 0
github.com/vmpx/vmp-x/internal/vm/disasm.go:138.15,139.69 1 0
github.com/vmpx/vmp-x/internal/vm/disasm.go:140.14,141.68 1 0
github.com/vmpx/vmp-x/internal/vm/disasm.go:142.15,143.70 1 0
github.com/vmpx/vmp-x/internal/vm/disasm.go:144.15,145.70 1 0
github.com/vmpx/vmp-x/internal/vm/disasm.go:146.12,149.56 1 0
github.com/vmpx/vmp-x/internal/vm/disasm.go:150.16,152.85 1 0
github.com/vmpx/vmp-x/internal/vm/disasm.go:153.15,154.100 1 0
github.com/vmpx/vmp-x/internal/vm/disasm.go:155.15,156.129 1 0
github.com/vmpx/vmp-x/internal/vm/disasm.go:157.17,158.84 1 0
github.com/vmpx/vmp-x/internal/vm/disasm.go:160.2,160.58 1 1
github.com/vmpx/vmp-x/internal/vm/disasm.go:164.38,167.21 3 1
github.com/vmpx/vmp-x/internal/vm/disasm.go:167.21,169.13 2 1
github.com/vmpx/vmp-x/internal/vm/disasm.go:169.13,170.9 1 0
github.com/vmpx/vmp-x/internal/vm/disasm.go:172.3,173.10 2 1
github.com/vmpx/vmp-x/internal/vm/disasm.go:175.2,175.12 1 1
github.com/vmpx/vmp-x/internal/vm/opcodes.go:36.36,38.32 2 1
github.com/vmpx/vmp-x/internal/vm/opcodes.go:38.32,42.3 3 1
github.com/vmpx/vmp-x/internal/vm/opcodes.go:43.2,43.10 1 1
github.com/vmpx/vmp-x/internal/vm/opcodes.go:47.63,50.32 3 1
github.com/vmpx/vmp-x/internal/vm/opcodes.go:50.32,52.10 2 1
github.com/vmpx/vmp-x/internal/vm/opcodes.go:52.10,55.4 1 0
github.com/vmpx/vmp-x/internal/vm/opcodes.go:56.3,56.10 1 1
github.com/vmpx/vmp-x/internal/vm/opcodes.go:56.10,58.4 1 0
github.com/vmpx/vmp-x/internal/vm/opcodes.go:59.3,59.32 1 1
github.com/vmpx/vmp-x/internal/vm/opcodes.go:59.32,61.4 1 0
github.com/vmpx/vmp-x/internal/vm/opcodes.go:62.3,66.17 5 1
github.com/vmpx/vmp-x/internal/vm/opcodes.go:66.17,68.4 1 1
github.com/vmpx/vmp-x/internal/vm/opcodes.go:70.2,70.15 1 1
github.com/vmpx/vmp-x/internal/vm/opcodes.go:74.49,75.14 1 1
github.com/vmpx/vmp-x/internal/vm/opcodes.go:75.14,77.3 1 1
github.com/vmpx/vmp-x/internal/vm/opcodes.go:78.2,78.17 1 1
github.com/vmpx/vmp-x/internal/vm/opcodes.go:78.17,80.3 1 0
github.com/vmpx/vmp-x/internal/vm/opcodes.go:81.2,81.23 1 1
github.com/vmpx/vmp-x/internal/vm/opcodes.go:85.47,86.14 1 1
github.com/vmpx/vmp-x/internal/vm/opcodes.go:86.14,88.3 1 0
github.com/vmpx/vmp-x/internal/vm/opcodes.go:89.2,89.23 1 1
github.com/vmpx/vmp-x/internal/vm/opcodes.go:94.55,95.28 1 1
github.com/vmpx/vmp-x/internal/vm/opcodes.go:95.28,97.3 1 1
github.com/vmpx/vmp-x/internal/vm/opcodes.go:98.2,102.32 4 1
github.com/vmpx/vmp-x/internal/vm/opcodes.go:102.32,104.3 1 1
github.com/vmpx/vmp-x/internal/vm/opcodes.go:105.2,106.20 2 1
github.com/vmpx/vmp-x/internal/vm/opcodes.go:106.20,108.22 2 1
github.com/vmpx/vmp-x/internal/vm/opcodes.go:108.22,110.4 1 0
github.com/vmpx/vmp-x/internal/vm/opcodes.go:111.3,113.34 3 1
github.com/vmpx/vmp-x/internal/vm/opcodes.go:113.34,115.4 1 0
github.com/vmpx/vmp-x/internal/vm/opcodes.go:116.3,116.11 1 1
github.com/vmpx/vmp-x/internal/vm/opcodes.go:118.2,118.17 1 1
github.com/vmpx/vmp-x/internal/vm/ref.go:54.33,55.13 1 1
github.com/vmpx/vmp-x/internal/vm/ref.go:55.13,57.3 1 1
github.com/vmpx/vmp-x/internal/vm/ref.go:58.2,58.29 1 1
github.com/vmpx/vmp-x/internal/vm/ref.go:61.44,62.13 1 1
github.com/vmpx/vmp-x/internal/vm/ref.go:62.13,64.3 1 1
github.com/vmpx/vmp-x/internal/vm/ref.go:65.2,68.33 4 1
github.com/vmpx/vmp-x/internal/vm/ref.go:71.34,74.25 3 1
github.com/vmpx/vmp-x/internal/vm/ref.go:74.25,76.3 1 1
github.com/vmpx/vmp-x/internal/vm/ref.go:77.2,77.17 1 1
github.com/vmpx/vmp-x/internal/vm/ref.go:77.17,79.3 1 1
github.com/vmpx/vmp-x/internal/vm/ref.go:80.2,80.10 1 1
github.com/vmpx/vmp-x/internal/vm/ref.go:83.48,87.14 4 1
github.com/vmpx/vmp-x/internal/vm/ref.go:87.14,89.3 1 1
github.com/vmpx/vmp-x/internal/vm/ref.go:90.2,90.17 1 1
github.com/vmpx/vmp-x/internal/vm/ref.go:90.17,92.3 1 1
github.com/vmpx/vmp-x/internal/vm/ref.go:93.2,93.13 1 1
github.com/vmpx/vmp-x/internal/vm/ref.go:93.13,94.12 1 1
github.com/vmpx/vmp-x/internal/vm/ref.go:94.12,96.4 1 1
github.com/vmpx/vmp-x/internal/vm/ref.go:97.8,97.20 1 1
github.com/vmpx/vmp-x/internal/vm/ref.go:97.20,99.3 1 1
github.com/vmpx/vmp-x/internal/vm/ref.go:100.2,100.40 1 1
github.com/vmpx/vmp-x/internal/vm/ref.go:100.40,102.3 1 1
github.com/vmpx/vmp-x/internal/vm/ref.go:103.2,103.26 1 1
github.com/vmpx/vmp-x/internal/vm/ref.go:106.48,110.14 4 1
github.com/vmpx/vmp-x/internal/vm/ref.go:110.14,112.3 1 1
github.com/vmpx/vmp-x/internal/vm/ref.go:113.2,113.17 1 1
github.com/vmpx/vmp-x/internal/vm/ref.go:113.17,115.3 1 1
github.com/vmpx/vmp-x/internal/vm/ref.go:116.2,116.11 1 1
github.com/vmpx/vmp-x/internal/vm/ref.go:116.11,118.3 1 1
github.com/vmpx/vmp-x/internal/vm/ref.go:119.2,119.37 1 1
github.com/vmpx/vmp-x/internal/vm/ref.go:119.37,121.3 1 1
github.com/vmpx/vmp-x/internal/vm/ref.go:122.2,122.26 1 1
github.com/vmpx/vmp-x/internal/vm/ref.go:126.67,130.14 4 0
github.com/vmpx/vmp-x/internal/vm/ref.go:130.14,132.3 1 0
github.com/vmpx/vmp-x/internal/vm/ref.go:133.2,133.17 1 0
github.com/vmpx/vmp-x/internal/vm/ref.go:133.17,135.3 1 0
github.com/vmpx/vmp-x/internal/vm/ref.go:136.2,136.13 1 0
github.com/vmpx/vmp-x/internal/vm/ref.go:136.13,138.45 2 0
github.com/vmpx/vmp-x/internal/vm/ref.go:138.45,140.4 1 0
github.com/vmpx/vmp-x/internal/vm/ref.go:141.8,141.32 1 0
github.com/vmpx/vmp-x/internal/vm/ref.go:141.32,143.3 1 0
github.com/vmpx/vmp-x/internal/vm/ref.go:144.2,144.40 1 0
github.com/vmpx/vmp-x/internal/vm/ref.go:144.40,146.3 1 0
github.com/vmpx/vmp-x/internal/vm/ref.go:147.2,147.26 1 0
github.com/vmpx/vmp-x/internal/vm/ref.go:151.67,155.14 4 0
github.com/vmpx/vmp-x/internal/vm/ref.go:155.14,157.3 1 0
github.com/vmpx/vmp-x/internal/vm/ref.go:158.2,158.17 1 0
github.com/vmpx/vmp-x/internal/vm/ref.go:158.17,160.3 1 0
github.com/vmpx/vmp-x/internal/vm/ref.go:161.2,161.35 1 0
github.com/vmpx/vmp-x/internal/vm/ref.go:161.35,163.3 1 0
github.com/vmpx/vmp-x/internal/vm/ref.go:164.2,164.37 1 0
github.com/vmpx/vmp-x/internal/vm/ref.go:164.37,166.3 1 0
github.com/vmpx/vmp-x/internal/vm/ref.go:167.2,167.26 1 0
github.com/vmpx/vmp-x/internal/vm/ref.go:170.44,174.14 4 1
github.com/vmpx/vmp-x/internal/vm/ref.go:174.14,176.3 1 1
github.com/vmpx/vmp-x/internal/vm/ref.go:177.2,177.17 1 1
github.com/vmpx/vmp-x/internal/vm/ref.go:177.17,179.3 1 1
github.com/vmpx/vmp-x/internal/vm/ref.go:180.2,180.26 1 1
github.com/vmpx/vmp-x/internal/vm/ref.go:184.47,187.11 3 1
github.com/vmpx/vmp-x/internal/vm/ref.go:187.11,190.3 2 1
github.com/vmpx/vmp-x/internal/vm/ref.go:191.2,192.11 2 1
github.com/vmpx/vmp-x/internal/vm/ref.go:192.11,195.3 2 1
github.com/vmpx/vmp-x/internal/vm/ref.go:196.2,197.9 2 1
github.com/vmpx/vmp-x/internal/vm/ref.go:197.9,203.3 4 1
github.com/vmpx/vmp-x/internal/vm/ref.go:204.2,204.22 1 1
github.com/vmpx/vmp-x/internal/vm/ref.go:207.48,213.12 6 1
github.com/vmpx/vmp-x/internal/vm/ref.go:213.12,215.3 1 1
github.com/vmpx/vmp-x/internal/vm/ref.go:216.2,217.25 2 1
github.com/vmpx/vmp-x/internal/vm/ref.go:217.25,219.3 1 1
github.com/vmpx/vmp-x/internal/vm/ref.go:220.2,220.31 1 1
github.com/vmpx/vmp-x/internal/vm/ref.go:220.31,222.3 1 1
github.com/vmpx/vmp-x/internal/vm/ref.go:223.2,223.38 1 1
github.com/vmpx/vmp-x/internal/vm/ref.go:223.38,225.3 1 1
github.com/vmpx/vmp-x/internal/vm/ref.go:226.2,226.26 1 1
github.com/vmpx/vmp-x/internal/vm/ref.go:229.58,232.25 3 1
github.com/vmpx/vmp-x/internal/vm/ref.go:232.25,234.3 1 1
github.com/vmpx/vmp-x/internal/vm/ref.go:235.2,235.17 1 1
github.com/vmpx/vmp-x/internal/vm/ref.go:235.17,237.3 1 1
github.com/vmpx/vmp-x/internal/vm/ref.go:238.2,238.14 1 1
github.com/vmpx/vmp-x/internal/vm/ref.go:239.12,240.43 1 1
github.com/vmpx/vmp-x/internal/vm/ref.go:240.43,242.4 1 1
github.com/vmpx/vmp-x/internal/vm/ref.go:243.3,243.36 1 1
github.com/vmpx/vmp-x/internal/vm/ref.go:243.36,245.4 1 1
github.com/vmpx/vmp-x/internal/vm/ref.go:246.12,247.48 1 1
github.com/vmpx/vmp-x/internal/vm/ref.go:247.48,249.4 1 1
github.com/vmpx/vmp-x/internal/vm/ref.go:250.3,250.30 1 1
github.com/vmpx/vmp-x/internal/vm/ref.go:250.30,252.4 1 1
github.com/vmpx/vmp-x/internal/vm/ref.go:253.10,254.48 1 1
github.com/vmpx/vmp-x/internal/vm/ref.go:254.48,256.4 1 1
github.com/vmpx/vmp-x/internal/vm/ref.go:258.2,258.26 1 1
github.com/vmpx/vmp-x/internal/vm/ref.go:330.69,334.15 4 1
github.com/vmpx/vmp-x/internal/vm/ref.go:334.15,335.11 1 1
github.com/vmpx/vmp-x/internal/vm/ref.go:335.11,337.4 1 0
github.com/vmpx/vmp-x/internal/vm/ref.go:339.2,344.14 6 1
github.com/vmpx/vmp-x/internal/vm/ref.go:345.12,347.10 2 1
github.com/vmpx/vmp-x/internal/vm/ref.go:347.10,349.4 1 0
github.com/vmpx/vmp-x/internal/vm/ref.go:349.9,351.4 1 1
github.com/vmpx/vmp-x/internal/vm/ref.go:352.22,355.13 2 0
github.com/vmpx/vmp-x/internal/vm/ref.go:355.13,358.4 2 0
github.com/vmpx/vmp-x/internal/vm/ref.go:359.3,360.21 2 0
github.com/vmpx/vmp-x/internal/vm/ref.go:360.21,361.19 1 0
github.com/vmpx/vmp-x/internal/vm/ref.go:361.19,363.5 1 0
github.com/vmpx/vmp-x/internal/vm/ref.go:364.4,364.54 1 0
github.com/vmpx/vmp-x/internal/vm/ref.go:366.3,366.18 1 0
github.com/vmpx/vmp-x/internal/vm/ref.go:366.18,368.4 1 0
github.com/vmpx/vmp-x/internal/vm/ref.go:369.3,369.55 1 0
github.com/vmpx/vmp-x/internal/vm/ref.go:370.18,373.13 2 0
github.com/vmpx/vmp-x/internal/vm/ref.go:373.13,376.4 2 0
github.com/vmpx/vmp-x/internal/vm/ref.go:377.3,378.19 2 0
github.com/vmpx/vmp-x/internal/vm/ref.go:378.19,379.19 1 0
github.com/vmpx/vmp-x/internal/vm/ref.go:379.19,381.5 1 0
github.com/vmpx/vmp-x/internal/vm/ref.go:382.4,382.54 1 0
github.com/vmpx/vmp-x/internal/vm/ref.go:384.3,384.18 1 0
github.com/vmpx/vmp-x/internal/vm/ref.go:384.18,386.4 1 0
github.com/vmpx/vmp-x/internal/vm/ref.go:387.3,387.55 1 0
github.com/vmpx/vmp-x/internal/vm/ref.go:388.11,392.15 3 0
github.com/vmpx/vmp-x/internal/vm/ref.go:392.15,394.4 1 0
github.com/vmpx/vmp-x/internal/vm/ref.go:394.9,396.4 1 0
github.com/vmpx/vmp-x/internal/vm/ref.go:397.3,397.11 1 0
github.com/vmpx/vmp-x/internal/vm/ref.go:398.15,402.18 3 0
github.com/vmpx/vmp-x/internal/vm/ref.go:402.18,406.14 4 0
github.com/vmpx/vmp-x/internal/vm/ref.go:406.14,408.5 1 0
github.com/vmpx/vmp-x/internal/vm/ref.go:409.4,409.14 1 0
github.com/vmpx/vmp-x/internal/vm/ref.go:409.14,411.5 1 0
github.com/vmpx/vmp-x/internal/vm/ref.go:412.4,412.18 1 0
github.com/vmpx/vmp-x/internal/vm/ref.go:413.9,417.4 3 0
github.com/vmpx/vmp-x/internal/vm/ref.go:418.3,419.40 2 0
github.com/vmpx/vmp-x/internal/vm/ref.go:419.40,421.4 1 0
github.com/vmpx/vmp-x/internal/vm/ref.go:422.3,423.14 2 0
github.com/vmpx/vmp-x/internal/vm/ref.go:423.14,425.4 1 0
github.com/vmpx/vmp-x/internal/vm/ref.go:426.3,426.27 1 0
github.com/vmpx/vmp-x/internal/vm/ref.go:426.27,428.4 1 0
github.com/vmpx/vmp-x/internal/vm/ref.go:429.3,429.17 1 0
github.com/vmpx/vmp-x/internal/vm/ref.go:429.17,431.4 1 0
github.com/vmpx/vmp-x/internal/vm/ref.go:432.3,433.17 2 0
github.com/vmpx/vmp-x/internal/vm/ref.go:434.14,437.18 2 0
github.com/vmpx/vmp-x/internal/vm/ref.go:437.18,439.4 1 0
github.com/vmpx/vmp-x/internal/vm/ref.go:439.9,441.4 1 0
github.com/vmpx/vmp-x/internal/vm/ref.go:442.3,443.14 2 0
github.com/vmpx/vmp-x/internal/vm/ref.go:443.14,445.4 1 0
github.com/vmpx/vmp-x/internal/vm/ref.go:446.3,447.16 2 0
github.com/vmpx/vmp-x/internal/vm/ref.go:448.12,450.25 2 0
github.com/vmpx/vmp-x/internal/vm/ref.go:450.25,452.4 1 0
github.com/vmpx/vmp-x/internal/vm/ref.go:455.3,456.42 2 0
github.com/vmpx/vmp-x/internal/vm/ref.go:457.12,459.25 2 0
github.com/vmpx/vmp-x/internal/vm/ref.go:459.25,461.4 1 0
github.com/vmpx/vmp-x/internal/vm/ref.go:462.3,463.42 2 0
github.com/vmpx/vmp-x/internal/vm/ref.go:464.12,466.10 2 1
github.com/vmpx/vmp-x/internal/vm/ref.go:466.10,468.4 1 0
github.com/vmpx/vmp-x/internal/vm/ref.go:468.9,470.4 1 1
github.com/vmpx/vmp-x/internal/vm/ref.go:471.12,473.10 2 1
github.com/vmpx/vmp-x/internal/vm/ref.go:473.10,475.4 1 0
github.com/vmpx/vmp-x/internal/vm/ref.go:475.9,477.4 1 1
github.com/vmpx/vmp-x/internal/vm/ref.go:478.11,480.10 2 1
github.com/vmpx/vmp-x/internal/vm/ref.go:480.10,482.4 1 0
github.com/vmpx/vmp-x/internal/vm/ref.go:482.9,484.4 1 1
github.com/vmpx/vmp-x/internal/vm/ref.go:485.12,487.10 2 1
github.com/vmpx/vmp-x/internal/vm/ref.go:487.10,489.4 1 0
github.com/vmpx/vmp-x/internal/vm/ref.go:489.9,491.4 1 1
github.com/vmpx/vmp-x/internal/vm/ref.go:492.12,494.10 2 1
github.com/vmpx/vmp-x/internal/vm/ref.go:494.10,496.4 1 0
github.com/vmpx/vmp-x/internal/vm/ref.go:496.9,498.4 1 1
github.com/vmpx/vmp-x/internal/vm/ref.go:499.24,501.15 2 1
github.com/vmpx/vmp-x/internal/vm/ref.go:501.15,503.4 1 1
github.com/vmpx/vmp-x/internal/vm/ref.go:504.3,504.15 1 1
github.com/vmpx/vmp-x/internal/vm/ref.go:505.13,506.16 1 1
github.com/vmpx/vmp-x/internal/vm/ref.go:507.13,508.16 1 1
github.com/vmpx/vmp-x/internal/vm/ref.go:509.11,510.44 1 1
github.com/vmpx/vmp-x/internal/vm/ref.go:512.3,512.10 1 1
github.com/vmpx/vmp-x/internal/vm/ref.go:512.10,515.4 2 0
github.com/vmpx/vmp-x/internal/vm/ref.go:515.9,517.4 1 1
github.com/vmpx/vmp-x/internal/vm/ref.go:518.12,520.15 2 1
github.com/vmpx/vmp-x/internal/vm/ref.go:520.15,522.4 1 1
github.com/vmpx/vmp-x/internal/vm/ref.go:523.3,524.10 2 1
github.com/vmpx/vmp-x/internal/vm/ref.go:524.10,526.4 1 0
github.com/vmpx/vmp-x/internal/vm/ref.go:526.9,528.16 2 1
github.com/vmpx/vmp-x/internal/vm/ref.go:528.16,530.5 1 1
github.com/vmpx/vmp-x/internal/vm/ref.go:532.12,534.15 2 1
github.com/vmpx/vmp-x/internal/vm/ref.go:534.15,536.4 1 1
github.com/vmpx/vmp-x/internal/vm/ref.go:537.3,538.10 2 1
github.com/vmpx/vmp-x/internal/vm/ref.go:538.10,540.4 1 0
github.com/vmpx/vmp-x/internal/vm/ref.go:540.9,542.37 2 1
github.com/vmpx/vmp-x/internal/vm/ref.go:542.37,544.5 1 1
github.com/vmpx/vmp-x/internal/vm/ref.go:547.2,547.14 1 1
github.com/vmpx/vmp-x/internal/vm/ref.go:550.66,553.15 3 1
github.com/vmpx/vmp-x/internal/vm/ref.go:553.15,554.11 1 1
github.com/vmpx/vmp-x/internal/vm/ref.go:554.11,556.4 1 0
github.com/vmpx/vmp-x/internal/vm/ref.go:558.2,559.14 2 1
github.com/vmpx/vmp-x/internal/vm/ref.go:560.13,561.39 1 1
github.com/vmpx/vmp-x/internal/vm/ref.go:562.13,565.33 1 1
github.com/vmpx/vmp-x/internal/vm/ref.go:566.13,567.39 1 1
github.com/vmpx/vmp-x/internal/vm/ref.go:568.10,569.39 1 1
github.com/vmpx/vmp-x/internal/vm/ref.go:573.58,575.38 1 1
github.com/vmpx/vmp-x/internal/vm/ref.go:575.38,577.3 1 0
github.com/vmpx/vmp-x/internal/vm/ref.go:578.2,578.21 1 1
github.com/vmpx/vmp-x/internal/vm/ref.go:578.21,580.3 1 0
github.com/vmpx/vmp-x/internal/vm/ref.go:581.2,581.17 1 1
github.com/vmpx/vmp-x/internal/vm/ref.go:581.17,584.3 2 1
github.com/vmpx/vmp-x/internal/vm/ref.go:585.2,585.17 1 1
github.com/vmpx/vmp-x/internal/vm/ref.go:585.17,588.3 2 1
github.com/vmpx/vmp-x/internal/vm/ref.go:589.2,590.42 2 1
github.com/vmpx/vmp-x/internal/vm/ref.go:594.53,595.15 1 0
github.com/vmpx/vmp-x/internal/vm/ref.go:595.15,597.3 1 0
github.com/vmpx/vmp-x/internal/vm/ref.go:598.2,598.10 1 0
github.com/vmpx/vmp-x/internal/vm/ref.go:598.10,600.3 1 0
github.com/vmpx/vmp-x/internal/vm/ref.go:601.2,601.11 1 0
github.com/vmpx/vmp-x/internal/vm/ref.go:601.11,603.3 1 0
github.com/vmpx/vmp-x/internal/vm/ref.go:604.2,604.10 1 0
github.com/vmpx/vmp-x/internal/vm/ref.go:608.39,609.72 1 0
github.com/vmpx/vmp-x/internal/vm/ref.go:609.72,611.3 1 0
github.com/vmpx/vmp-x/internal/vm/ref.go:612.2,612.17 1 0
github.com/vmpx/vmp-x/internal/vm/ref.go:615.48,616.27 1 1
github.com/vmpx/vmp-x/internal/vm/ref.go:616.27,618.3 1 0
github.com/vmpx/vmp-x/internal/vm/ref.go:619.2,625.19 7 1
github.com/vmpx/vmp-x/internal/vm/ref.go:626.9,627.11 1 1
github.com/vmpx/vmp-x/internal/vm/ref.go:628.9,629.12 1 1
github.com/vmpx/vmp-x/internal/vm/ref.go:630.9,631.11 1 1
github.com/vmpx/vmp-x/internal/vm/ref.go:632.9,633.12 1 1
github.com/vmpx/vmp-x/internal/vm/ref.go:634.9,635.11 1 1
github.com/vmpx/vmp-x/internal/vm/ref.go:636.9,637.12 1 1
github.com/vmpx/vmp-x/internal/vm/ref.go:638.9,639.16 1 1
github.com/vmpx/vmp-x/internal/vm/ref.go:640.9,641.18 1 1
github.com/vmpx/vmp-x/internal/vm/ref.go:642.9,643.11 1 1
github.com/vmpx/vmp-x/internal/vm/ref.go:644.9,645.12 1 1
github.com/vmpx/vmp-x/internal/vm/ref.go:646.10,647.11 1 1
github.com/vmpx/vmp-x/internal/vm/ref.go:648.10,649.12 1 1
github.com/vmpx/vmp-x/internal/vm/ref.go:650.10,651.16 1 1
github.com/vmpx/vmp-x/internal/vm/ref.go:652.10,653.16 1 1
github.com/vmpx/vmp-x/internal/vm/ref.go:654.10,655.23 1 1
github.com/vmpx/vmp-x/internal/vm/ref.go:656.10,657.24 1 1
github.com/vmpx/vmp-x/internal/vm/ref.go:661.68,662.68 1 1
github.com/vmpx/vmp-x/internal/vm/ref.go:662.68,664.3 1 0
github.com/vmpx/vmp-x/internal/vm/ref.go:665.2,666.39 2 1
github.com/vmpx/vmp-x/internal/vm/ref.go:666.39,668.3 1 1
github.com/vmpx/vmp-x/internal/vm/ref.go:669.2,669.15 1 1
github.com/vmpx/vmp-x/internal/vm/ref.go:672.69,673.68 1 1
github.com/vmpx/vmp-x/internal/vm/ref.go:673.68,675.3 1 0
github.com/vmpx/vmp-x/internal/vm/ref.go:676.2,676.39 1 1
github.com/vmpx/vmp-x/internal/vm/ref.go:676.39,678.3 1 1
github.com/vmpx/vmp-x/internal/vm/ref.go:679.2,679.12 1 1
github.com/vmpx/vmp-x/internal/vm/ref.go:683.64,685.34 2 1
github.com/vmpx/vmp-x/internal/vm/ref.go:685.34,687.3 1 1
github.com/vmpx/vmp-x/internal/vm/ref.go:688.2,688.34 1 1
github.com/vmpx/vmp-x/internal/vm/ref.go:688.34,690.3 1 1
github.com/vmpx/vmp-x/internal/vm/ref.go:691.2,691.41 1 1
github.com/vmpx/vmp-x/internal/vm/ref.go:691.41,692.30 1 1
github.com/vmpx/vmp-x/internal/vm/ref.go:692.30,694.4 1 0
github.com/vmpx/vmp-x/internal/vm/ref.go:695.3,696.10 2 1
github.com/vmpx/vmp-x/internal/vm/ref.go:696.10,698.4 1 0
github.com/vmpx/vmp-x/internal/vm/ref.go:699.3,700.13 2 1
github.com/vmpx/vmp-x/internal/vm/ref.go:701.15,702.17 1 0
github.com/vmpx/vmp-x/internal/vm/ref.go:703.14,704.8 1 0
github.com/vmpx/vmp-x/internal/vm/ref.go:705.14,706.17 1 1
github.com/vmpx/vmp-x/internal/vm/ref.go:707.16,709.11 2 1
github.com/vmpx/vmp-x/internal/vm/ref.go:710.16,712.12 2 1
github.com/vmpx/vmp-x/internal/vm/ref.go:713.18,715.11 2 1
github.com/vmpx/vmp-x/internal/vm/ref.go:716.14,723.20 7 1
github.com/vmpx/vmp-x/internal/vm/ref.go:723.20,725.5 1 1
github.com/vmpx/vmp-x/internal/vm/ref.go:726.4,726.19 1 1
github.com/vmpx/vmp-x/internal/vm/ref.go:726.19,728.5 1 1
github.com/vmpx/vmp-x/internal/vm/ref.go:729.4,730.12 2 1
github.com/vmpx/vmp-x/internal/vm/ref.go:731.16,736.11 5 1
github.com/vmpx/vmp-x/internal/vm/ref.go:737.16,746.104 7 0
github.com/vmpx/vmp-x/internal/vm/ref.go:746.104,748.5 1 0
github.com/vmpx/vmp-x/internal/vm/ref.go:748.10,750.5 1 0
github.com/vmpx/vmp-x/internal/vm/ref.go:751.4,752.11 2 0
github.com/vmpx/vmp-x/internal/vm/ref.go:753.15,758.11 5 1
github.com/vmpx/vmp-x/internal/vm/ref.go:759.16,764.21 5 1
github.com/vmpx/vmp-x/internal/vm/ref.go:764.21,766.5 1 1
github.com/vmpx/vmp-x/internal/vm/ref.go:766.10,768.5 1 1
github.com/vmpx/vmp-x/internal/vm/ref.go:769.4,769.11 1 1
github.com/vmpx/vmp-x/internal/vm/ref.go:770.16,776.21 6 1
github.com/vmpx/vmp-x/internal/vm/ref.go:776.21,778.5 1 0
github.com/vmpx/vmp-x/internal/vm/ref.go:778.10,780.5 1 1
github.com/vmpx/vmp-x/internal/vm/ref.go:781.4,782.21 2 1
github.com/vmpx/vmp-x/internal/vm/ref.go:782.21,784.5 1 0
github.com/vmpx/vmp-x/internal/vm/ref.go:784.10,786.5 1 1
github.com/vmpx/vmp-x/internal/vm/ref.go:787.4,787.11 1 1
github.com/vmpx/vmp-x/internal/vm/ref.go:788.14,792.17 4 1
github.com/vmpx/vmp-x/internal/vm/ref.go:792.17,794.5 1 1
github.com/vmpx/vmp-x/internal/vm/ref.go:794.10,796.5 1 1
github.com/vmpx/vmp-x/internal/vm/ref.go:797.4,797.11 1 1
github.com/vmpx/vmp-x/internal/vm/ref.go:798.15,805.19 7 1
github.com/vmpx/vmp-x/internal/vm/ref.go:805.19,807.5 1 1
github.com/vmpx/vmp-x/internal/vm/ref.go:808.4,809.18 2 1
github.com/vmpx/vmp-x/internal/vm/ref.go:809.18,811.5 1 0
github.com/vmpx/vmp-x/internal/vm/ref.go:812.4,812.17 1 1
github.com/vmpx/vmp-x/internal/vm/ref.go:812.17,814.5 1 1
github.com/vmpx/vmp-x/internal/vm/ref.go:814.10,816.5 1 1
github.com/vmpx/vmp-x/internal/vm/ref.go:817.4,817.12 1 1
github.com/vmpx/vmp-x/internal/vm/ref.go:818.16,825.19 7 1
github.com/vmpx/vmp-x/internal/vm/ref.go:825.19,827.5 1 1
github.com/vmpx/vmp-x/internal/vm/ref.go:828.4,828.60 1 1
github.com/vmpx/vmp-x/internal/vm/ref.go:828.60,830.5 1 0
github.com/vmpx/vmp-x/internal/vm/ref.go:831.4,831.12 1 1
github.com/vmpx/vmp-x/internal/vm/ref.go:832.13,841.19 8 0
github.com/vmpx/vmp-x/internal/vm/ref.go:841.19,843.5 1 0
github.com/vmpx/vmp-x/internal/vm/ref.go:844.4,845.17 2 0
github.com/vmpx/vmp-x/internal/vm/ref.go:845.17,848.20 3 0
github.com/vmpx/vmp-x/internal/vm/ref.go:848.20,850.6 1 0
github.com/vmpx/vmp-x/internal/vm/ref.go:852.4,852.37 1 0
github.com/vmpx/vmp-x/internal/vm/ref.go:852.37,852.79 1 0
github.com/vmpx/vmp-x/internal/vm/ref.go:853.4,853.16 1 0
github.com/vmpx/vmp-x/internal/vm/ref.go:853.16,857.15 4 0
github.com/vmpx/vmp-x/internal/vm/ref.go:858.16,859.17 1 0
github.com/vmpx/vmp-x/internal/vm/ref.go:860.16,861.17 1 0
github.com/vmpx/vmp-x/internal/vm/ref.go:862.16,863.17 1 0
github.com/vmpx/vmp-x/internal/vm/ref.go:864.16,865.17 1 0
github.com/vmpx/vmp-x/internal/vm/ref.go:866.16,867.17 1 0
github.com/vmpx/vmp-x/internal/vm/ref.go:867.17,869.7 1 0
github.com/vmpx/vmp-x/internal/vm/ref.go:869.12,871.7 1 0
github.com/vmpx/vmp-x/internal/vm/ref.go:872.16,873.17 1 0
github.com/vmpx/vmp-x/internal/vm/ref.go:873.17,875.7 1 0
github.com/vmpx/vmp-x/internal/vm/ref.go:875.12,877.7 1 0
github.com/vmpx/vmp-x/internal/vm/ref.go:878.17,879.41 1 0
github.com/vmpx/vmp-x/internal/vm/ref.go:880.20,881.31 1 0
github.com/vmpx/vmp-x/internal/vm/ref.go:882.21,883.94 1 0
github.com/vmpx/vmp-x/internal/vm/ref.go:883.94,885.7 1 0
github.com/vmpx/vmp-x/internal/vm/ref.go:886.6,887.14 2 0
github.com/vmpx/vmp-x/internal/vm/ref.go:888.18,891.14 3 0
github.com/vmpx/vmp-x/internal/vm/ref.go:893.5,893.64 1 0
github.com/vmpx/vmp-x/internal/vm/ref.go:893.64,895.6 1 0
github.com/vmpx/vmp-x/internal/vm/ref.go:896.10,900.15 4 0
github.com/vmpx/vmp-x/internal/vm/ref.go:901.16,902.17 1 0
github.com/vmpx/vmp-x/internal/vm/ref.go:903.16,904.17 1 0
github.com/vmpx/vmp-x/internal/vm/ref.go:905.16,906.17 1 0
github.com/vmpx/vmp-x/internal/vm/ref.go:907.16,908.17 1 0
github.com/vmpx/vmp-x/internal/vm/ref.go:909.16,910.17 1 0
github.com/vmpx/vmp-x/internal/vm/ref.go:910.17,912.7 1 0
github.com/vmpx/vmp-x/internal/vm/ref.go:912.12,914.7 1 0
github.com/vmpx/vmp-x/internal/vm/ref.go:915.16,916.17 1 0
github.com/vmpx/vmp-x/internal/vm/ref.go:916.17,918.7 1 0
github.com/vmpx/vmp-x/internal/vm/ref.go:918.12,920.7 1 0
github.com/vmpx/vmp-x/internal/vm/ref.go:921.17,922.23 1 0
github.com/vmpx/vmp-x/internal/vm/ref.go:923.20,924.31 1 0
github.com/vmpx/vmp-x/internal/vm/ref.go:925.21,926.85 1 0
github.com/vmpx/vmp-x/internal/vm/ref.go:926.85,928.7 1 0
github.com/vmpx/vmp-x/internal/vm/ref.go:929.6,930.14 2 0
github.com/vmpx/vmp-x/internal/vm/ref.go:931.18,934.14 3 0
github.com/vmpx/vmp-x/internal/vm/ref.go:936.5,936.56 1 0
github.com/vmpx/vmp-x/internal/vm/ref.go:936.56,938.6 1 0
github.com/vmpx/vmp-x/internal/vm/ref.go:940.4,940.12 1 0
github.com/vmpx/vmp-x/internal/vm/ref.go:941.17,953.19 11 0
github.com/vmpx/vmp-x/internal/vm/ref.go:953.19,955.5 1 0
github.com/vmpx/vmp-x/internal/vm/ref.go:956.4,958.19 3 0
github.com/vmpx/vmp-x/internal/vm/ref.go:958.19,960.5 1 0
github.com/vmpx/vmp-x/internal/vm/ref.go:961.4,963.14 3 0
github.com/vmpx/vmp-x/internal/vm/ref.go:964.16,965.51 1 0
github.com/vmpx/vmp-x/internal/vm/ref.go:965.51,967.6 1 0
github.com/vmpx/vmp-x/internal/vm/ref.go:968.5,968.20 1 0
github.com/vmpx/vmp-x/internal/vm/ref.go:968.20,970.6 1 0
github.com/vmpx/vmp-x/internal/vm/ref.go:971.19,972.30 1 0
github.com/vmpx/vmp-x/internal/vm/ref.go:972.30,973.52 1 0
github.com/vmpx/vmp-x/internal/vm/ref.go:973.52,975.7 1 0
github.com/vmpx/vmp-x/internal/vm/ref.go:976.6,976.22 1 0
github.com/vmpx/vmp-x/internal/vm/ref.go:977.11,980.6 2 0
github.com/vmpx/vmp-x/internal/vm/ref.go:981.12,983.15 2 0
github.com/vmpx/vmp-x/internal/vm/ref.go:984.16,986.42 2 0
github.com/vmpx/vmp-x/internal/vm/ref.go:987.16,989.42 2 0
github.com/vmpx/vmp-x/internal/vm/ref.go:990.16,992.35 2 0
github.com/vmpx/vmp-x/internal/vm/ref.go:993.15,995.35 2 0
github.com/vmpx/vmp-x/internal/vm/ref.go:996.16,998.35 2 0
github.com/vmpx/vmp-x/internal/vm/ref.go:999.16,1001.41 2 0
github.com/vmpx/vmp-x/internal/vm/ref.go:1002.16,1004.41 2 0
github.com/vmpx/vmp-x/internal/vm/ref.go:1006.5,1006.52 1 0
github.com/vmpx/vmp-x/internal/vm/ref.go:1006.52,1008.6 1 0
github.com/vmpx/vmp-x/internal/vm/ref.go:1009.5,1009.20 1 0
github.com/vmpx/vmp-x/internal/vm/ref.go:1009.20,1011.6 1 0
github.com/vmpx/vmp-x/internal/vm/ref.go:1013.4,1013.12 1 0
github.com/vmpx/vmp-x/internal/vm/ref.go:1013.12,1015.5 1 0
github.com/vmpx/vmp-x/internal/vm/ref.go:1016.4,1016.12 1 0
github.com/vmpx/vmp-x/internal/vm/ref.go:1017.16,1022.60 3 0
github.com/vmpx/vmp-x/internal/vm/ref.go:1022.60,1024.5 1 0
github.com/vmpx/vmp-x/internal/vm/ref.go:1025.4,1025.11 1 0
github.com/vmpx/vmp-x/internal/vm/ref.go:1026.16,1028.83 2 0
github.com/vmpx/vmp-x/internal/vm/ref.go:1028.83,1030.5 1 0
github.com/vmpx/vmp-x/internal/vm/ref.go:1031.4,1031.11 1 0
github.com/vmpx/vmp-x/internal/vm/ref.go:1032.15,1035.18 3 0
github.com/vmpx/vmp-x/internal/vm/ref.go:1035.18,1037.5 1 0
github.com/vmpx/vmp-x/internal/vm/ref.go:1038.4,1040.11 3 0
github.com/vmpx/vmp-x/internal/vm/ref.go:1041.22,1046.20 4 0
github.com/vmpx/vmp-x/internal/vm/ref.go:1046.20,1048.5 1 0
github.com/vmpx/vmp-x/internal/vm/ref.go:1049.4,1049.12 1 0
github.com/vmpx/vmp-x/internal/vm/ref.go:1049.12,1051.5 1 0
github.com/vmpx/vmp-x/internal/vm/ref.go:1051.10,1053.5 1 0
github.com/vmpx/vmp-x/internal/vm/ref.go:1054.14,1056.25 2 1
github.com/vmpx/vmp-x/internal/vm/ref.go:1056.25,1058.5 1 1
github.com/vmpx/vmp-x/internal/vm/ref.go:1058.10,1060.5 1 1
github.com/vmpx/vmp-x/internal/vm/ref.go:1061.14,1062.21 1 0
github.com/vmpx/vmp-x/internal/vm/ref.go:1063.25,1064.74 1 0
github.com/vmpx/vmp-x/internal/vm/ref.go:1065.11,1066.72 1 0
github.com/vmpx/vmp-x/internal/vm/ref.go:1069.2,1069.72 1 0
github.com/vmpx/vmp-x/internal/inject/elf.go:15.58,20.20 4 1
github.com/vmpx/vmp-x/internal/inject/elf.go:20.20,22.3 1 0
github.com/vmpx/vmp-x/internal/inject/elf.go:23.2,24.57 2 1
github.com/vmpx/vmp-x/internal/inject/elf.go:24.57,26.3 1 0
github.com/vmpx/vmp-x/internal/inject/elf.go:27.2,30.16 3 1
github.com/vmpx/vmp-x/internal/inject/elf.go:30.16,32.3 1 0
github.com/vmpx/vmp-x/internal/inject/elf.go:34.2,34.34 1 1
github.com/vmpx/vmp-x/internal/inject/elf.go:34.34,36.53 2 1
github.com/vmpx/vmp-x/internal/inject/elf.go:36.53,38.4 1 0
github.com/vmpx/vmp-x/internal/inject/elf.go:41.2,42.16 2 1
github.com/vmpx/vmp-x/internal/inject/elf.go:42.16,44.3 1 0
github.com/vmpx/vmp-x/internal/inject/elf.go:45.2,45.21 1 1
github.com/vmpx/vmp-x/internal/inject/elf.go:45.21,47.3 1 0
github.com/vmpx/vmp-x/internal/inject/elf.go:52.2,52.20 1 1
github.com/vmpx/vmp-x/internal/inject/elf.go:52.20,54.55 1 0
github.com/vmpx/vmp-x/internal/inject/elf.go:54.55,57.65 1 0
github.com/vmpx/vmp-x/internal/inject/elf.go:57.65,59.5 1 0
github.com/vmpx/vmp-x/internal/inject/elf.go:60.4,61.18 2 0
github.com/vmpx/vmp-x/internal/inject/elf.go:70.2,70.120 1 1
github.com/vmpx/vmp-x/internal/inject/elf.go:70.120,72.3 1 0
github.com/vmpx/vmp-x/internal/inject/elf.go:79.2,79.126 1 1
github.com/vmpx/vmp-x/internal/inject/elf.go:79.126,81.3 1 0
github.com/vmpx/vmp-x/internal/inject/elf.go:83.2,88.8 1 1
github.com/vmpx/vmp-x/internal/inject/elf.go:93.54,94.28 1 1
github.com/vmpx/vmp-x/internal/inject/elf.go:94.28,95.45 1 1
github.com/vmpx/vmp-x/internal/inject/elf.go:95.45,97.4 1 1
github.com/vmpx/vmp-x/internal/inject/elf.go:99.2,99.11 1 0
github.com/vmpx/vmp-x/internal/inject/elf.go:103.51,104.28 1 1
github.com/vmpx/vmp-x/internal/inject/elf.go:104.28,105.45 1 1
github.com/vmpx/vmp-x/internal/inject/elf.go:105.45,107.4 1 1
github.com/vmpx/vmp-x/internal/inject/elf.go:109.2,109.11 1 0
github.com/vmpx/vmp-x/internal/inject/inject.go:11.54,14.16 3 1
github.com/vmpx/vmp-x/internal/inject/inject.go:14.16,16.3 1 0
github.com/vmpx/vmp-x/internal/inject/inject.go:19.2,19.34 1 1
github.com/vmpx/vmp-x/internal/inject/inject.go:19.34,21.17 2 1
github.com/vmpx/vmp-x/internal/inject/inject.go:21.17,23.4 1 0
github.com/vmpx/vmp-x/internal/inject/inject.go:24.3,24.42 1 1
github.com/vmpx/vmp-x/internal/inject/inject.go:24.42,26.4 1 0
github.com/vmpx/vmp-x/internal/inject/inject.go:27.3,27.56 1 1
github.com/vmpx/vmp-x/internal/inject/inject.go:35.2,36.64 2 1
github.com/vmpx/vmp-x/internal/inject/inject.go:36.64,38.3 1 0
github.com/vmpx/vmp-x/internal/inject/inject.go:39.2,40.16 2 1
github.com/vmpx/vmp-x/internal/inject/inject.go:40.16,42.3 1 0
github.com/vmpx/vmp-x/internal/inject/inject.go:43.2,43.32 1 1
github.com/vmpx/vmp-x/internal/inject/inject.go:43.32,45.3 1 0
github.com/vmpx/vmp-x/internal/inject/inject.go:46.2,46.17 1 1
github.com/vmpx/vmp-x/internal/inject/inject.go:46.17,48.17 2 0
github.com/vmpx/vmp-x/internal/inject/inject.go:48.17,50.4 1 0
github.com/vmpx/vmp-x/internal/inject/inject.go:51.3,51.66 1 0
github.com/vmpx/vmp-x/internal/inject/inject.go:51.66,53.4 1 0
github.com/vmpx/vmp-x/internal/inject/inject.go:54.3,54.54 1 0
github.com/vmpx/vmp-x/internal/inject/inject.go:54.54,56.18 2 0
github.com/vmpx/vmp-x/internal/inject/inject.go:56.18,58.5 1 0
github.com/vmpx/vmp-x/internal/inject/inject.go:59.4,59.75 1 0
github.com/vmpx/vmp-x/internal/inject/inject.go:59.75,61.5 1 0
github.com/vmpx/vmp-x/internal/inject/inject.go:65.2,70.8 1 1
github.com/vmpx/vmp-x/internal/inject/payload.go:64.58,65.11 1 1
github.com/vmpx/vmp-x/internal/inject/payload.go:66.19,67.19 1 1
github.com/vmpx/vmp-x/internal/inject/payload.go:68.17,72.19 1 1
github.com/vmpx/vmp-x/internal/inject/payload.go:73.10,74.68 1 0
github.com/vmpx/vmp-x/internal/inject/payload.go:110.66,111.24 1 1
github.com/vmpx/vmp-x/internal/inject/payload.go:111.24,113.3 1 0
github.com/vmpx/vmp-x/internal/inject/payload.go:117.2,117.57 1 1
github.com/vmpx/vmp-x/internal/inject/payload.go:117.57,119.3 1 0
github.com/vmpx/vmp-x/internal/inject/payload.go:120.2,120.25 1 1
github.com/vmpx/vmp-x/internal/inject/payload.go:120.25,122.3 1 0
github.com/vmpx/vmp-x/internal/inject/payload.go:124.2,125.16 2 1
github.com/vmpx/vmp-x/internal/inject/payload.go:125.16,127.3 1 0
github.com/vmpx/vmp-x/internal/inject/payload.go:128.2,130.23 3 1
github.com/vmpx/vmp-x/internal/inject/payload.go:130.23,131.24 1 1
github.com/vmpx/vmp-x/internal/inject/payload.go:131.24,133.4 1 1
github.com/vmpx/vmp-x/internal/inject/payload.go:135.2,139.27 4 1
github.com/vmpx/vmp-x/internal/inject/payload.go:139.27,144.3 4 1
github.com/vmpx/vmp-x/internal/inject/payload.go:145.2,150.27 5 1
github.com/vmpx/vmp-x/internal/inject/payload.go:150.27,152.25 2 1
github.com/vmpx/vmp-x/internal/inject/payload.go:152.25,157.18 5 0
github.com/vmpx/vmp-x/internal/inject/payload.go:157.18,159.5 1 0
github.com/vmpx/vmp-x/internal/inject/payload.go:160.4,160.41 1 0
github.com/vmpx/vmp-x/internal/inject/payload.go:160.41,162.5 1 0
github.com/vmpx/vmp-x/internal/inject/payload.go:163.4,165.17 3 0
github.com/vmpx/vmp-x/internal/inject/payload.go:167.3,169.12 3 1
github.com/vmpx/vmp-x/internal/inject/payload.go:172.2,173.31 2 1
github.com/vmpx/vmp-x/internal/inject/payload.go:173.31,182.25 8 1
github.com/vmpx/vmp-x/internal/inject/payload.go:182.25,187.4 3 0
github.com/vmpx/vmp-x/internal/inject/payload.go:187.9,189.4 1 1
github.com/vmpx/vmp-x/internal/inject/payload.go:196.3,196.28 1 1
github.com/vmpx/vmp-x/internal/inject/payload.go:196.28,199.4 2 1
github.com/vmpx/vmp-x/internal/inject/payload.go:199.9,202.4 2 1
github.com/vmpx/vmp-x/internal/inject/payload.go:205.3,205.30 1 1
github.com/vmpx/vmp-x/internal/inject/payload.go:205.30,207.4 1 1
github.com/vmpx/vmp-x/internal/inject/payload.go:208.3,210.28 3 1
github.com/vmpx/vmp-x/internal/inject/payload.go:210.28,213.18 2 1
github.com/vmpx/vmp-x/internal/inject/payload.go:213.18,215.5 1 0
github.com/vmpx/vmp-x/internal/inject/payload.go:216.4,218.47 3 1
github.com/vmpx/vmp-x/internal/inject/payload.go:219.9,221.45 2 1
github.com/vmpx/vmp-x/internal/inject/payload.go:221.45,223.5 1 0
github.com/vmpx/vmp-x/internal/inject/payload.go:224.4,226.64 3 1
github.com/vmpx/vmp-x/internal/inject/payload.go:229.3,238.5 1 1
github.com/vmpx/vmp-x/internal/inject/payload.go:240.2,240.16 1 1
github.com/vmpx/vmp-x/internal/inject/payload.go:248.58,251.2 2 1
github.com/vmpx/vmp-x/internal/inject/payload.go:254.74,256.18 2 1
github.com/vmpx/vmp-x/internal/inject/payload.go:256.18,258.3 1 0
github.com/vmpx/vmp-x/internal/inject/payload.go:259.2,260.38 2 1
github.com/vmpx/vmp-x/internal/inject/payload.go:260.38,262.3 1 0
github.com/vmpx/vmp-x/internal/inject/payload.go:263.2,263.45 1 1
github.com/vmpx/vmp-x/internal/inject/payload.go:267.50,269.16 2 0
github.com/vmpx/vmp-x/internal/inject/payload.go:269.16,271.3 1 0
github.com/vmpx/vmp-x/internal/inject/payload.go:272.2,272.37 1 0
github.com/vmpx/vmp-x/internal/lift/arm64/bitmask.go:12.70,13.21 1 1
github.com/vmpx/vmp-x/internal/lift/arm64/bitmask.go:13.21,15.3 1 0
github.com/vmpx/vmp-x/internal/lift/arm64/bitmask.go:19.2,21.13 3 1
github.com/vmpx/vmp-x/internal/lift/arm64/bitmask.go:21.13,23.3 1 0
github.com/vmpx/vmp-x/internal/lift/arm64/bitmask.go:27.2,28.16 2 1
github.com/vmpx/vmp-x/internal/lift/arm64/bitmask.go:28.16,30.3 1 0
github.com/vmpx/vmp-x/internal/lift/arm64/bitmask.go:31.2,32.27 2 1
github.com/vmpx/vmp-x/internal/lift/arm64/bitmask.go:32.27,34.3 1 1
github.com/vmpx/vmp-x/internal/lift/arm64/bitmask.go:35.2,39.42 5 1
github.com/vmpx/vmp-x/internal/lift/arm64/bitmask.go:42.39,43.27 1 1
github.com/vmpx/vmp-x/internal/lift/arm64/bitmask.go:43.27,44.26 1 1
github.com/vmpx/vmp-x/internal/lift/arm64/bitmask.go:44.26,46.4 1 1
github.com/vmpx/vmp-x/internal/lift/arm64/bitmask.go:48.2,48.11 1 0
github.com/vmpx/vmp-x/internal/lift/arm64/bitmask.go:51.28,52.13 1 1
github.com/vmpx/vmp-x/internal/lift/arm64/bitmask.go:52.13,54.3 1 1
github.com/vmpx/vmp-x/internal/lift/arm64/bitmask.go:55.2,55.29 1 1
github.com/vmpx/vmp-x/internal/lift/arm64/bitmask.go:59.44,60.16 1 1
github.com/vmpx/vmp-x/internal/lift/arm64/bitmask.go:60.16,62.3 1 0
github.com/vmpx/vmp-x/internal/lift/arm64/bitmask.go:63.2,66.12 4 1
github.com/vmpx/vmp-x/internal/lift/arm64/bitmask.go:66.12,68.3 1 1
github.com/vmpx/vmp-x/internal/lift/arm64/bitmask.go:69.2,69.47 1 1
github.com/vmpx/vmp-x/internal/lift/arm64/bitmask.go:72.61,74.11 2 1
github.com/vmpx/vmp-x/internal/lift/arm64/bitmask.go:74.11,76.3 1 1
github.com/vmpx/vmp-x/internal/lift/arm64/bitmask.go:77.2,78.56 2 1
github.com/vmpx/vmp-x/internal/lift/arm64/bitmask.go:78.56,80.3 1 1
github.com/vmpx/vmp-x/internal/lift/arm64/bitmask.go:81.2,81.11 1 1
github.com/vmpx/vmp-x/internal/lift/arm64/bitmask.go:81.11,83.3 1 1
github.com/vmpx/vmp-x/internal/lift/arm64/bitmask.go:84.2,84.12 1 1
github.com/vmpx/vmp-x/internal/lift/arm64/lift.go:54.54,58.23 4 1
github.com/vmpx/vmp-x/internal/lift/arm64/lift.go:58.23,60.3 1 1
github.com/vmpx/vmp-x/internal/lift/arm64/lift.go:61.2,62.20 2 1
github.com/vmpx/vmp-x/internal/lift/arm64/lift.go:62.20,64.3 1 1
github.com/vmpx/vmp-x/internal/lift/arm64/lift.go:67.2,68.23 2 1
github.com/vmpx/vmp-x/internal/lift/arm64/lift.go:68.23,72.55 4 1
github.com/vmpx/vmp-x/internal/lift/arm64/lift.go:72.55,75.4 2 1
github.com/vmpx/vmp-x/internal/lift/arm64/lift.go:77.2,77.26 1 1
github.com/vmpx/vmp-x/internal/lift/arm64/lift.go:77.26,79.24 2 1
github.com/vmpx/vmp-x/internal/lift/arm64/lift.go:79.24,80.12 1 1
github.com/vmpx/vmp-x/internal/lift/arm64/lift.go:82.3,82.36 1 1
github.com/vmpx/vmp-x/internal/lift/arm64/lift.go:82.36,83.12 1 1
github.com/vmpx/vmp-x/internal/lift/arm64/lift.go:85.3,85.16 1 1
github.com/vmpx/vmp-x/internal/lift/arm64/lift.go:86.44,88.34 2 1
github.com/vmpx/vmp-x/internal/lift/arm64/lift.go:88.34,90.5 1 1
github.com/vmpx/vmp-x/internal/lift/arm64/lift.go:95.85,96.19 1 1
github.com/vmpx/vmp-x/internal/lift/arm64/lift.go:97.26,98.33 1 1
github.com/vmpx/vmp-x/internal/lift/arm64/lift.go:99.30,100.33 1 1
github.com/vmpx/vmp-x/internal/lift/arm64/lift.go:101.31,102.85 1 0
github.com/vmpx/vmp-x/internal/lift/arm64/lift.go:103.27,104.34 1 1
github.com/vmpx/vmp-x/internal/lift/arm64/lift.go:105.31,106.38 1 1
github.com/vmpx/vmp-x/internal/lift/arm64/lift.go:107.25,108.32 1 1
github.com/vmpx/vmp-x/internal/lift/arm64/lift.go:109.25,110.32 1 1
github.com/vmpx/vmp-x/internal/lift/arm64/lift.go:111.26,112.33 1 1
github.com/vmpx/vmp-x/internal/lift/arm64/lift.go:113.26,114.33 1 1
github.com/vmpx/vmp-x/internal/lift/arm64/lift.go:115.30,116.37 1 1
github.com/vmpx/vmp-x/internal/lift/arm64/lift.go:117.28,118.35 1 1
github.com/vmpx/vmp-x/internal/lift/arm64/lift.go:119.26,120.44 1 1
github.com/vmpx/vmp-x/internal/lift/arm64/lift.go:121.27,122.45 1 1
github.com/vmpx/vmp-x/internal/lift/arm64/lift.go:123.30,124.48 1 1
github.com/vmpx/vmp-x/internal/lift/arm64/lift.go:125.27,126.45 1 1
github.com/vmpx/vmp-x/internal/lift/arm64/lift.go:127.26,128.33 1 1
github.com/vmpx/vmp-x/internal/lift/arm64/lift.go:129.22,130.29 1 1
github.com/vmpx/vmp-x/internal/lift/arm64/lift.go:131.27,132.34 1 1
github.com/vmpx/vmp-x/internal/lift/arm64/lift.go:134.2,134.61 1 0
github.com/vmpx/vmp-x/internal/lift/arm64/lift.go:139.65,140.16 1 1
github.com/vmpx/vmp-x/internal/lift/arm64/lift.go:141.92,141.92 0 1
github.com/vmpx/vmp-x/internal/lift/arm64/lift.go:142.10,143.56 1 0
github.com/vmpx/vmp-x/internal/lift/arm64/lift.go:145.2,148.26 4 1
github.com/vmpx/vmp-x/internal/lift/arm64/lift.go:148.26,150.3 1 1
github.com/vmpx/vmp-x/internal/lift/arm64/lift.go:151.2,155.14 4 1
github.com/vmpx/vmp-x/internal/lift/arm64/lift.go:155.14,157.3 1 1
github.com/vmpx/vmp-x/internal/lift/arm64/lift.go:158.2,159.9 2 1
github.com/vmpx/vmp-x/internal/lift/arm64/lift.go:159.9,161.3 1 1
github.com/vmpx/vmp-x/internal/lift/arm64/lift.go:163.2,164.27 2 1
github.com/vmpx/vmp-x/internal/lift/arm64/lift.go:164.27,166.3 1 1
github.com/vmpx/vmp-x/internal/lift/arm64/lift.go:167.2,170.39 2 1
github.com/vmpx/vmp-x/internal/lift/arm64/lift.go:170.39,171.10 1 1
github.com/vmpx/vmp-x/internal/lift/arm64/lift.go:171.10,173.4 1 1
github.com/vmpx/vmp-x/internal/lift/arm64/lift.go:173.9,175.4 1 1
github.com/vmpx/vmp-x/internal/lift/arm64/lift.go:177.2,177.12 1 1
github.com/vmpx/vmp-x/internal/lift/arm64/lift.go:180.65,186.20 6 1
github.com/vmpx/vmp-x/internal/lift/arm64/lift.go:186.20,188.3 1 0
github.com/vmpx/vmp-x/internal/lift/arm64/lift.go:189.2,196.14 4 1
github.com/vmpx/vmp-x/internal/lift/arm64/lift.go:196.14,198.3 1 1
github.com/vmpx/vmp-x/internal/lift/arm64/lift.go:199.2,200.14 2 1
github.com/vmpx/vmp-x/internal/lift/arm64/lift.go:200.14,202.3 1 1
github.com/vmpx/vmp-x/internal/lift/arm64/lift.go:203.2,204.16 2 1
github.com/vmpx/vmp-x/internal/lift/arm64/lift.go:204.16,206.3 1 0
github.com/vmpx/vmp-x/internal/lift/arm64/lift.go:207.2,207.19 1 1
github.com/vmpx/vmp-x/internal/lift/arm64/lift.go:207.19,208.28 1 1
github.com/vmpx/vmp-x/internal/lift/arm64/lift.go:208.28,210.4 1 0
github.com/vmpx/vmp-x/internal/lift/arm64/lift.go:211.3,215.12 3 1
github.com/vmpx/vmp-x/internal/lift/arm64/lift.go:217.2,219.9 3 1
github.com/vmpx/vmp-x/internal/lift/arm64/lift.go:219.9,221.3 1 1
github.com/vmpx/vmp-x/internal/lift/arm64/lift.go:222.2,224.12 2 1
github.com/vmpx/vmp-x/internal/lift/arm64/lift.go:237.66,244.14 7 1
github.com/vmpx/vmp-x/internal/lift/arm64/lift.go:244.14,246.3 1 0
github.com/vmpx/vmp-x/internal/lift/arm64/lift.go:247.2,248.16 2 1
github.com/vmpx/vmp-x/internal/lift/arm64/lift.go:248.16,250.3 1 0
github.com/vmpx/vmp-x/internal/lift/arm64/lift.go:251.2,252.16 2 1
github.com/vmpx/vmp-x/internal/lift/arm64/lift.go:252.16,254.3 1 0
github.com/vmpx/vmp-x/internal/lift/arm64/lift.go:255.2,256.25 2 1
github.com/vmpx/vmp-x/internal/lift/arm64/lift.go:256.25,261.3 4 1
github.com/vmpx/vmp-x/internal/lift/arm64/lift.go:263.2,264.13 2 1
github.com/vmpx/vmp-x/internal/lift/arm64/lift.go:265.9,266.68 1 1
github.com/vmpx/vmp-x/internal/lift/arm64/lift.go:267.9,270.88 1 1
github.com/vmpx/vmp-x/internal/lift/arm64/lift.go:271.9,274.79 1 0
github.com/vmpx/vmp-x/internal/lift/arm64/lift.go:275.10,276.111 1 0
github.com/vmpx/vmp-x/internal/lift/arm64/lift.go:278.2,281.25 4 1
github.com/vmpx/vmp-x/internal/lift/arm64/lift.go:281.25,283.3 1 1
github.com/vmpx/vmp-x/internal/lift/arm64/lift.go:284.2,287.12 3 1
github.com/vmpx/vmp-x/internal/lift/arm64/lift.go:290.70,294.16 2 1
github.com/vmpx/vmp-x/internal/lift/arm64/lift.go:296.73,296.73 0 1
github.com/vmpx/vmp-x/internal/lift/arm64/lift.go:297.10,298.70 1 0
github.com/vmpx/vmp-x/internal/lift/arm64/lift.go:301.2,308.20 8 1
github.com/vmpx/vmp-x/internal/lift/arm64/lift.go:308.20,310.3 1 0
github.com/vmpx/vmp-x/internal/lift/arm64/lift.go:311.2,311.40 1 1
github.com/vmpx/vmp-x/internal/lift/arm64/lift.go:311.40,314.3 1 0
github.com/vmpx/vmp-x/internal/lift/arm64/lift.go:315.2,316.16 2 1
github.com/vmpx/vmp-x/internal/lift/arm64/lift.go:316.16,318.3 1 0
github.com/vmpx/vmp-x/internal/lift/arm64/lift.go:319.2,319.29 1 1
github.com/vmpx/vmp-x/internal/lift/arm64/lift.go:319.29,322.20 2 1
github.com/vmpx/vmp-x/internal/lift/arm64/lift.go:322.20,325.4 1 1
github.com/vmpx/vmp-x/internal/lift/arm64/lift.go:326.3,326.13 1 1
github.com/vmpx/vmp-x/internal/lift/arm64/lift.go:326.13,329.4 1 1
github.com/vmpx/vmp-x/internal/lift/arm64/lift.go:330.3,330.12 1 1
github.com/vmpx/vmp-x/internal/lift/arm64/lift.go:332.2,333.13 2 1
github.com/vmpx/vmp-x/internal/lift/arm64/lift.go:334.12,335.16 1 1
github.com/vmpx/vmp-x/internal/lift/arm64/lift.go:336.9,337.15 1 1
github.com/vmpx/vmp-x/internal/lift/arm64/lift.go:338.10,339.16 1 1
github.com/vmpx/vmp-x/internal/lift/arm64/lift.go:341.2,342.54 2 1
github.com/vmpx/vmp-x/internal/lift/arm64/lift.go:342.54,347.3 2 1
github.com/vmpx/vmp-x/internal/lift/arm64/lift.go:348.2,349.9 2 1
github.com/vmpx/vmp-x/internal/lift/arm64/lift.go:349.9,351.3 1 1
github.com/vmpx/vmp-x/internal/lift/arm64/lift.go:352.2,354.12 2 1
github.com/vmpx/vmp-x/internal/lift/arm64/lift.go:357.66,358.16 1 1
github.com/vmpx/vmp-x/internal/lift/arm64/lift.go:359.91,359.91 0 1
github.com/vmpx/vmp-x/internal/lift/arm64/lift.go:360.10,361.68 1 0
github.com/vmpx/vmp-x/internal/lift/arm64/lift.go:363.2,367.16 5 1
github.com/vmpx/vmp-x/internal/lift/arm64/lift.go:367.16,369.3 1 1
github.com/vmpx/vmp-x/internal/lift/arm64/lift.go:370.2,371.13 2 1
github.com/vmpx/vmp-x/internal/lift/arm64/lift.go:372.12,373.16 1 1
github.com/vmpx/vmp-x/internal/lift/arm64/lift.go:374.9,375.15 1 1
github.com/vmpx/vmp-x/internal/lift/arm64/lift.go:376.10,377.16 1 1
github.com/vmpx/vmp-x/internal/lift/arm64/lift.go:379.2,380.28 2 1
github.com/vmpx/vmp-x/internal/lift/arm64/lift.go:380.28,384.3 2 1
github.com/vmpx/vmp-x/internal/lift/arm64/lift.go:385.2,386.9 2 1
github.com/vmpx/vmp-x/internal/lift/arm64/lift.go:386.9,388.3 1 1
github.com/vmpx/vmp-x/internal/lift/arm64/lift.go:389.2,393.12 3 1
github.com/vmpx/vmp-x/internal/lift/arm64/lift.go:398.64,404.27 6 1
github.com/vmpx/vmp-x/internal/lift/arm64/lift.go:404.27,406.3 1 0
github.com/vmpx/vmp-x/internal/lift/arm64/lift.go:407.2,409.13 3 1
github.com/vmpx/vmp-x/internal/lift/arm64/lift.go:410.12,412.18 2 1
github.com/vmpx/vmp-x/internal/lift/arm64/lift.go:412.18,414.4 1 1
github.com/vmpx/vmp-x/internal/lift/arm64/lift.go:415.9,415.9 0 1
github.com/vmpx/vmp-x/internal/lift/arm64/lift.go:416.10,418.18 2 1
github.com/vmpx/vmp-x/internal/lift/arm64/lift.go:418.18,420.4 1 1
github.com/vmpx/vmp-x/internal/lift/arm64/lift.go:421.3,428.13 2 1
github.com/vmpx/vmp-x/internal/lift/arm64/lift.go:430.2,432.12 2 1
github.com/vmpx/vmp-x/internal/lift/arm64/lift.go:435.64,442.16 7 1
github.com/vmpx/vmp-x/internal/lift/arm64/lift.go:442.16,444.3 1 0
github.com/vmpx/vmp-x/internal/lift/arm64/lift.go:446.2,446.16 1 1
github.com/vmpx/vmp-x/internal/lift/arm64/lift.go:447.48,449.10 2 1
github.com/vmpx/vmp-x/internal/lift/arm64/lift.go:449.10,451.4 1 0
github.com/vmpx/vmp-x/internal/lift/arm64/lift.go:452.3,452.37 1 1
github.com/vmpx/vmp-x/internal/lift/arm64/lift.go:452.37,454.4 1 0
github.com/vmpx/vmp-x/internal/lift/arm64/lift.go:455.3,456.17 2 1
github.com/vmpx/vmp-x/internal/lift/arm64/lift.go:457.21,458.17 1 1
github.com/vmpx/vmp-x/internal/lift/arm64/lift.go:459.21,460.17 1 1
github.com/vmpx/vmp-x/internal/lift/arm64/lift.go:461.11,462.17 1 1
github.com/vmpx/vmp-x/internal/lift/arm64/lift.go:464.3,466.13 2 1
github.com/vmpx/vmp-x/internal/lift/arm64/lift.go:470.2,472.35 3 1
github.com/vmpx/vmp-x/internal/lift/arm64/lift.go:472.35,474.3 1 1
github.com/vmpx/vmp-x/internal/lift/arm64/lift.go:475.2,476.16 2 1
github.com/vmpx/vmp-x/internal/lift/arm64/lift.go:477.36,478.41 1 1
github.com/vmpx/vmp-x/internal/lift/arm64/lift.go:478.41,480.4 1 0
github.com/vmpx/vmp-x/internal/lift/arm64/lift.go:481.38,482.49 1 1
github.com/vmpx/vmp-x/internal/lift/arm64/lift.go:482.49,484.4 1 0
github.com/vmpx/vmp-x/internal/lift/arm64/lift.go:485.10,486.77 1 0
github.com/vmpx/vmp-x/internal/lift/arm64/lift.go:488.2,488.22 1 1
github.com/vmpx/vmp-x/internal/lift/arm64/lift.go:488.22,490.3 1 0
github.com/vmpx/vmp-x/internal/lift/arm64/lift.go:491.2,491.54 1 1
github.com/vmpx/vmp-x/internal/lift/arm64/lift.go:491.54,494.3 1 1
github.com/vmpx/vmp-x/internal/lift/arm64/lift.go:495.2,495.54 1 1
github.com/vmpx/vmp-x/internal/lift/arm64/lift.go:495.54,498.3 1 1
github.com/vmpx/vmp-x/internal/lift/arm64/lift.go:499.2,499.54 1 1
github.com/vmpx/vmp-x/internal/lift/arm64/lift.go:499.54,502.3 1 1
github.com/vmpx/vmp-x/internal/lift/arm64/lift.go:503.2,503.43 1 1
github.com/vmpx/vmp-x/internal/lift/arm64/lift.go:503.43,505.3 1 1
github.com/vmpx/vmp-x/internal/lift/arm64/lift.go:506.2,506.16 1 1
github.com/vmpx/vmp-x/internal/lift/arm64/lift.go:507.21,508.15 1 1
github.com/vmpx/vmp-x/internal/lift/arm64/lift.go:508.15,510.4 1 1
github.com/vmpx/vmp-x/internal/lift/arm64/lift.go:510.9,512.4 1 1
github.com/vmpx/vmp-x/internal/lift/arm64/lift.go:513.3,513.36 1 1
github.com/vmpx/vmp-x/internal/lift/arm64/lift.go:513.36,515.4 1 1
github.com/vmpx/vmp-x/internal/lift/arm64/lift.go:515.9,517.4 1 0
github.com/vmpx/vmp-x/internal/lift/arm64/lift.go:518.22,519.36 1 1
github.com/vmpx/vmp-x/internal/lift/arm64/lift.go:519.36,521.4 1 1
github.com/vmpx/vmp-x/internal/lift/arm64/lift.go:521.9,523.4 1 0
github.com/vmpx/vmp-x/internal/lift/arm64/lift.go:524.3,524.15 1 1
github.com/vmpx/vmp-x/internal/lift/arm64/lift.go:524.15,526.4 1 1
github.com/vmpx/vmp-x/internal/lift/arm64/lift.go:526.9,528.4 1 0
github.com/vmpx/vmp-x/internal/lift/arm64/lift.go:529.21,530.42 1 1
github.com/vmpx/vmp-x/internal/lift/arm64/lift.go:530.42,532.4 1 1
github.com/vmpx/vmp-x/internal/lift/arm64/lift.go:532.9,534.4 1 0
github.com/vmpx/vmp-x/internal/lift/arm64/lift.go:535.3,535.55 1 1
github.com/vmpx/vmp-x/internal/lift/arm64/lift.go:536.10,537.86 1 1
github.com/vmpx/vmp-x/internal/lift/arm64/lift.go:539.2,539.12 1 1
github.com/vmpx/vmp-x/internal/lift/arm64/lift.go:543.65,544.16 1 1
github.com/vmpx/vmp-x/internal/lift/arm64/lift.go:545.65,545.65 0 1
github.com/vmpx/vmp-x/internal/lift/arm64/lift.go:546.10,547.68 1 0
github.com/vmpx/vmp-x/internal/lift/arm64/lift.go:549.2,555.55 7 1
github.com/vmpx/vmp-x/internal/lift/arm64/lift.go:555.55,557.3 1 0
github.com/vmpx/vmp-x/internal/lift/arm64/lift.go:558.2,559.16 2 1
github.com/vmpx/vmp-x/internal/lift/arm64/lift.go:559.16,561.3 1 0
github.com/vmpx/vmp-x/internal/lift/arm64/lift.go:562.2,563.16 2 1
github.com/vmpx/vmp-x/internal/lift/arm64/lift.go:563.16,565.3 1 0
github.com/vmpx/vmp-x/internal/lift/arm64/lift.go:566.2,567.16 2 1
github.com/vmpx/vmp-x/internal/lift/arm64/lift.go:567.16,569.3 1 0
github.com/vmpx/vmp-x/internal/lift/arm64/lift.go:570.2,575.9 4 1
github.com/vmpx/vmp-x/internal/lift/arm64/lift.go:575.9,577.3 1 1
github.com/vmpx/vmp-x/internal/lift/arm64/lift.go:578.2,580.12 2 1
github.com/vmpx/vmp-x/internal/lift/arm64/lift.go:585.91,587.9 2 1
github.com/vmpx/vmp-x/internal/lift/arm64/lift.go:587.9,589.3 1 0
github.com/vmpx/vmp-x/internal/lift/arm64/lift.go:590.2,590.27 1 1
github.com/vmpx/vmp-x/internal/lift/arm64/lift.go:590.27,591.24 1 0
github.com/vmpx/vmp-x/internal/lift/arm64/lift.go:591.24,593.4 1 0
github.com/vmpx/vmp-x/internal/lift/arm64/lift.go:594.3,595.24 2 0
github.com/vmpx/vmp-x/internal/lift/arm64/lift.go:595.24,597.4 1 0
github.com/vmpx/vmp-x/internal/lift/arm64/lift.go:598.3,603.13 2 0
github.com/vmpx/vmp-x/internal/lift/arm64/lift.go:605.2,606.9 2 1
github.com/vmpx/vmp-x/internal/lift/arm64/lift.go:606.9,608.3 1 0
github.com/vmpx/vmp-x/internal/lift/arm64/lift.go:609.2,610.12 2 1
github.com/vmpx/vmp-x/internal/lift/arm64/lift.go:613.92,615.9 2 1
github.com/vmpx/vmp-x/internal/lift/arm64/lift.go:615.9,617.3 1 0
github.com/vmpx/vmp-x/internal/lift/arm64/lift.go:618.2,619.9 2 1
github.com/vmpx/vmp-x/internal/lift/arm64/lift.go:619.9,621.3 1 1
github.com/vmpx/vmp-x/internal/lift/arm64/lift.go:622.2,623.9 2 1
github.com/vmpx/vmp-x/internal/lift/arm64/lift.go:623.9,625.3 1 0
github.com/vmpx/vmp-x/internal/lift/arm64/lift.go:626.2,628.12 2 1
github.com/vmpx/vmp-x/internal/lift/arm64/lift.go:631.95,633.9 2 1
github.com/vmpx/vmp-x/internal/lift/arm64/lift.go:633.9,635.3 1 0
github.com/vmpx/vmp-x/internal/lift/arm64/lift.go:636.2,637.9 2 1
github.com/vmpx/vmp-x/internal/lift/arm64/lift.go:637.9,639.3 1 1
github.com/vmpx/vmp-x/internal/lift/arm64/lift.go:640.2,641.16 2 1
github.com/vmpx/vmp-x/internal/lift/arm64/lift.go:641.16,643.3 1 0
github.com/vmpx/vmp-x/internal/lift/arm64/lift.go:644.2,645.26 2 1
github.com/vmpx/vmp-x/internal/lift/arm64/lift.go:645.26,650.3 2 1
github.com/vmpx/vmp-x/internal/lift/arm64/lift.go:651.2,652.29 2 1
github.com/vmpx/vmp-x/internal/lift/arm64/lift.go:652.29,654.3 1 1
github.com/vmpx/vmp-x/internal/lift/arm64/lift.go:655.2,657.12 2 1
github.com/vmpx/vmp-x/internal/lift/arm64/lift.go:660.92,662.9 2 1
github.com/vmpx/vmp-x/internal/lift/arm64/lift.go:662.9,664.3 1 0
github.com/vmpx/vmp-x/internal/lift/arm64/lift.go:665.2,666.9 2 1
github.com/vmpx/vmp-x/internal/lift/arm64/lift.go:666.9,668.3 1 0
github.com/vmpx/vmp-x/internal/lift/arm64/lift.go:669.2,670.16 2 1
github.com/vmpx/vmp-x/internal/lift/arm64/lift.go:670.16,672.3 1 0
github.com/vmpx/vmp-x/internal/lift/arm64/lift.go:673.2,675.26 3 1
github.com/vmpx/vmp-x/internal/lift/arm64/lift.go:675.26,678.3 2 1
github.com/vmpx/vmp-x/internal/lift/arm64/lift.go:679.2,679.22 1 1
github.com/vmpx/vmp-x/internal/lift/arm64/lift.go:679.22,681.3 1 0
github.com/vmpx/vmp-x/internal/lift/arm64/lift.go:682.2,683.17 2 1
github.com/vmpx/vmp-x/internal/lift/arm64/lift.go:683.17,685.3 1 1
github.com/vmpx/vmp-x/internal/lift/arm64/lift.go:686.2,692.29 4 1
github.com/vmpx/vmp-x/internal/lift/arm64/lift.go:692.29,694.3 1 1
github.com/vmpx/vmp-x/internal/lift/arm64/lift.go:695.2,697.12 2 1
github.com/vmpx/vmp-x/internal/lift/arm64/lift.go:700.65,701.16 1 1
github.com/vmpx/vmp-x/internal/lift/arm64/lift.go:702.20,704.13 2 1
github.com/vmpx/vmp-x/internal/lift/arm64/lift.go:706.2,706.96 1 1
github.com/vmpx/vmp-x/internal/lift/arm64/lift.go:709.61,711.9 2 1
github.com/vmpx/vmp-x/internal/lift/arm64/lift.go:711.9,713.3 1 0
github.com/vmpx/vmp-x/internal/lift/arm64/lift.go:714.2,716.28 3 1
github.com/vmpx/vmp-x/internal/lift/arm64/lift.go:716.28,718.3 1 1
github.com/vmpx/vmp-x/internal/lift/arm64/lift.go:718.8,720.3 1 0
github.com/vmpx/vmp-x/internal/lift/arm64/lift.go:721.2,721.26 1 1
github.com/vmpx/vmp-x/internal/lift/arm64/lift.go:721.26,723.3 1 0
github.com/vmpx/vmp-x/internal/lift/arm64/lift.go:724.2,725.44 2 1
github.com/vmpx/vmp-x/internal/lift/arm64/lift.go:725.44,727.3 1 0
github.com/vmpx/vmp-x/internal/lift/arm64/lift.go:728.2,730.12 2 1
github.com/vmpx/vmp-x/internal/lift/arm64/lift.go:736.46,737.14 1 1
github.com/vmpx/vmp-x/internal/lift/arm64/lift.go:737.14,739.3 1 1
github.com/vmpx/vmp-x/internal/lift/arm64/lift.go:740.2,740.32 1 1
github.com/vmpx/vmp-x/internal/lift/arm64/lift.go:743.34,744.11 1 1
github.com/vmpx/vmp-x/internal/lift/arm64/lift.go:745.9,746.16 1 1
github.com/vmpx/vmp-x/internal/lift/arm64/lift.go:747.9,748.16 1 1
github.com/vmpx/vmp-x/internal/lift/arm64/lift.go:749.10,750.16 1 1
github.com/vmpx/vmp-x/internal/lift/arm64/lift.go:754.28,755.20 1 1
github.com/vmpx/vmp-x/internal/lift/arm64/lift.go:755.20,757.3 1 1
github.com/vmpx/vmp-x/internal/lift/arm64/lift.go:758.2,758.15 1 1
github.com/vmpx/vmp-x/internal/lift/arm64/lift.go:762.39,763.9 1 1
github.com/vmpx/vmp-x/internal/lift/arm64/lift.go:764.15,765.24 1 1
github.com/vmpx/vmp-x/internal/lift/arm64/lift.go:766.15,767.17 1 1
github.com/vmpx/vmp-x/internal/lift/arm64/lift.go:769.2,769.54 1 0
github.com/vmpx/vmp-x/internal/lift/arm64/lift.go:773.40,774.13 1 1
github.com/vmpx/vmp-x/internal/lift/arm64/lift.go:774.13,776.3 1 1
github.com/vmpx/vmp-x/internal/lift/arm64/lift.go:777.2,777.17 1 1
github.com/vmpx/vmp-x/internal/lift/arm64/lift.go:781.36,782.13 1 1
github.com/vmpx/vmp-x/internal/lift/arm64/lift.go:782.13,784.3 1 1
github.com/vmpx/vmp-x/internal/lift/arm64/lift.go:785.2,785.12 1 1
github.com/vmpx/vmp-x/internal/lift/arm64/lift.go:790.65,791.11 1 1
github.com/vmpx/vmp-x/internal/lift/arm64/lift.go:791.11,793.3 1 1
github.com/vmpx/vmp-x/internal/lift/arm64/lift.go:794.2,794.17 1 1
github.com/vmpx/vmp-x/internal/lift/arm64/lift.go:794.17,796.3 1 0
github.com/vmpx/vmp-x/internal/lift/arm64/lift.go:797.2,798.14 2 1
github.com/vmpx/vmp-x/internal/lift/arm64/lift.go:798.14,802.3 1 1
github.com/vmpx/vmp-x/internal/lift/arm64/lift.go:803.2,803.18 1 1
github.com/vmpx/vmp-x/internal/lift/arm64/mem.go:45.42,49.17 2 1
github.com/vmpx/vmp-x/internal/lift/arm64/mem.go:49.17,51.3 1 1
github.com/vmpx/vmp-x/internal/lift/arm64/mem.go:52.2,52.17 1 1
github.com/vmpx/vmp-x/internal/lift/arm64/mem.go:56.53,61.9 5 1
github.com/vmpx/vmp-x/internal/lift/arm64/mem.go:62.24,67.21 5 0
github.com/vmpx/vmp-x/internal/lift/arm64/mem.go:68.24,75.18 7 0
github.com/vmpx/vmp-x/internal/lift/arm64/mem.go:75.18,77.4 1 0
github.com/vmpx/vmp-x/internal/lift/arm64/mem.go:78.3,78.15 1 0
github.com/vmpx/vmp-x/internal/lift/arm64/mem.go:78.15,80.4 1 0
github.com/vmpx/vmp-x/internal/lift/arm64/mem.go:80.9,82.4 1 0
github.com/vmpx/vmp-x/internal/lift/arm64/mem.go:83.3,83.27 1 0
github.com/vmpx/vmp-x/internal/lift/arm64/mem.go:84.10,90.15 6 1
github.com/vmpx/vmp-x/internal/lift/arm64/mem.go:91.13,92.22 1 1
github.com/vmpx/vmp-x/internal/lift/arm64/mem.go:93.10,94.25 1 1
github.com/vmpx/vmp-x/internal/lift/arm64/mem.go:95.10,96.24 1 1
github.com/vmpx/vmp-x/internal/lift/arm64/mem.go:99.2,99.16 1 1
github.com/vmpx/vmp-x/internal/lift/arm64/mem.go:102.46,103.13 1 1
github.com/vmpx/vmp-x/internal/lift/arm64/mem.go:103.13,105.3 1 1
github.com/vmpx/vmp-x/internal/lift/arm64/mem.go:106.2,106.19 1 1
github.com/vmpx/vmp-x/internal/lift/arm64/mem.go:106.19,108.3 1 1
github.com/vmpx/vmp-x/internal/lift/arm64/mem.go:109.2,109.66 1 0
github.com/vmpx/vmp-x/internal/lift/arm64/mem.go:112.40,113.14 1 1
github.com/vmpx/vmp-x/internal/lift/arm64/mem.go:114.9,115.15 1 1
github.com/vmpx/vmp-x/internal/lift/arm64/mem.go:116.9,117.16 1 1
github.com/vmpx/vmp-x/internal/lift/arm64/mem.go:118.9,119.16 1 1
github.com/vmpx/vmp-x/internal/lift/arm64/mem.go:120.10,121.16 1 1
github.com/vmpx/vmp-x/internal/lift/arm64/mem.go:125.34,126.9 1 1
github.com/vmpx/vmp-x/internal/lift/arm64/mem.go:127.21,128.18 1 1
github.com/vmpx/vmp-x/internal/lift/arm64/mem.go:129.23,130.27 1 0
github.com/vmpx/vmp-x/internal/lift/arm64/mem.go:131.10,132.12 1 0
github.com/vmpx/vmp-x/internal/lift/arm64/mem.go:137.65,141.27 4 1
github.com/vmpx/vmp-x/internal/lift/arm64/mem.go:141.27,143.3 1 0
github.com/vmpx/vmp-x/internal/lift/arm64/mem.go:144.2,145.16 2 1
github.com/vmpx/vmp-x/internal/lift/arm64/mem.go:145.16,147.3 1 0
github.com/vmpx/vmp-x/internal/lift/arm64/mem.go:148.2,149.12 2 1
github.com/vmpx/vmp-x/internal/lift/arm64/mem.go:149.12,151.3 1 0
github.com/vmpx/vmp-x/internal/lift/arm64/mem.go:152.2,154.16 3 1
github.com/vmpx/vmp-x/internal/lift/arm64/mem.go:154.16,156.3 1 0
github.com/vmpx/vmp-x/internal/lift/arm64/mem.go:159.2,160.28 2 1
github.com/vmpx/vmp-x/internal/lift/arm64/mem.go:160.28,162.3 1 1
github.com/vmpx/vmp-x/internal/lift/arm64/mem.go:163.2,164.16 2 1
github.com/vmpx/vmp-x/internal/lift/arm64/mem.go:164.16,166.3 1 0
github.com/vmpx/vmp-x/internal/lift/arm64/mem.go:167.2,167.45 1 1
github.com/vmpx/vmp-x/internal/lift/arm64/mem.go:167.45,169.3 1 0
github.com/vmpx/vmp-x/internal/lift/arm64/mem.go:170.2,170.14 1 1
github.com/vmpx/vmp-x/internal/lift/arm64/mem.go:170.14,172.17 2 1
github.com/vmpx/vmp-x/internal/lift/arm64/mem.go:172.17,174.4 1 0
github.com/vmpx/vmp-x/internal/lift/arm64/mem.go:175.3,176.73 1 1
github.com/vmpx/vmp-x/internal/lift/arm64/mem.go:177.8,179.27 2 1
github.com/vmpx/vmp-x/internal/lift/arm64/mem.go:179.27,181.39 2 1
github.com/vmpx/vmp-x/internal/lift/arm64/mem.go:181.39,183.5 1 1
github.com/vmpx/vmp-x/internal/lift/arm64/mem.go:184.4,188.48 1 1
github.com/vmpx/vmp-x/internal/lift/arm64/mem.go:189.9,189.48 1 1
github.com/vmpx/vmp-x/internal/lift/arm64/mem.go:189.48,192.4 1 1
github.com/vmpx/vmp-x/internal/lift/arm64/mem.go:192.9,197.4 1 1
github.com/vmpx/vmp-x/internal/lift/arm64/mem.go:199.2,199.53 1 1
github.com/vmpx/vmp-x/internal/lift/arm64/mem.go:199.53,200.74 1 1
github.com/vmpx/vmp-x/internal/lift/arm64/mem.go:200.74,202.4 1 0
github.com/vmpx/vmp-x/internal/lift/arm64/mem.go:204.2,204.12 1 1
github.com/vmpx/vmp-x/internal/lift/arm64/mem.go:208.102,209.15 1 1
github.com/vmpx/vmp-x/internal/lift/arm64/mem.go:209.15,211.3 1 1
github.com/vmpx/vmp-x/internal/lift/arm64/mem.go:212.2,214.14 3 1
github.com/vmpx/vmp-x/internal/lift/arm64/mem.go:214.14,217.3 2 1
github.com/vmpx/vmp-x/internal/lift/arm64/mem.go:218.2,220.10 2 1
github.com/vmpx/vmp-x/internal/lift/arm64/mem.go:220.10,222.3 1 1
github.com/vmpx/vmp-x/internal/lift/arm64/mem.go:223.2,223.12 1 1
github.com/vmpx/vmp-x/internal/lift/arm64/mem.go:227.69,232.14 5 1
github.com/vmpx/vmp-x/internal/lift/arm64/mem.go:233.9,234.13 1 1
github.com/vmpx/vmp-x/internal/lift/arm64/mem.go:235.9,236.13 1 1
github.com/vmpx/vmp-x/internal/lift/arm64/mem.go:237.10,238.77 1 0
github.com/vmpx/vmp-x/internal/lift/arm64/mem.go:240.2,246.23 7 1
github.com/vmpx/vmp-x/internal/lift/arm64/mem.go:246.23,248.3 1 0
github.com/vmpx/vmp-x/internal/lift/arm64/mem.go:249.2,250.16 2 1
github.com/vmpx/vmp-x/internal/lift/arm64/mem.go:250.16,252.3 1 0
github.com/vmpx/vmp-x/internal/lift/arm64/mem.go:255.2,256.22 2 1
github.com/vmpx/vmp-x/internal/lift/arm64/mem.go:256.22,258.3 1 1
github.com/vmpx/vmp-x/internal/lift/arm64/mem.go:259.2,260.16 2 1
github.com/vmpx/vmp-x/internal/lift/arm64/mem.go:260.16,262.3 1 0
github.com/vmpx/vmp-x/internal/lift/arm64/mem.go:263.2,263.74 1 1
github.com/vmpx/vmp-x/internal/lift/arm64/mem.go:263.74,265.3 1 0
github.com/vmpx/vmp-x/internal/lift/arm64/mem.go:266.2,266.20 1 1
github.com/vmpx/vmp-x/internal/lift/arm64/mem.go:266.20,268.3 1 0
github.com/vmpx/vmp-x/internal/lift/arm64/mem.go:270.2,270.10 1 1
github.com/vmpx/vmp-x/internal/lift/arm64/mem.go:270.10,276.3 1 1
github.com/vmpx/vmp-x/internal/lift/arm64/mem.go:276.8,278.17 2 1
github.com/vmpx/vmp-x/internal/lift/arm64/mem.go:278.17,280.4 1 0
github.com/vmpx/vmp-x/internal/lift/arm64/mem.go:281.3,282.17 2 1
github.com/vmpx/vmp-x/internal/lift/arm64/mem.go:282.17,284.4 1 0
github.com/vmpx/vmp-x/internal/lift/arm64/mem.go:285.3,289.85 1 1
github.com/vmpx/vmp-x/internal/lift/arm64/mem.go:291.2,291.44 1 1
github.com/vmpx/vmp-x/internal/lift/arm64/mem.go:291.44,292.71 1 1
github.com/vmpx/vmp-x/internal/lift/arm64/mem.go:292.71,294.4 1 0
github.com/vmpx/vmp-x/internal/lift/arm64/mem.go:296.2,296.12 1 1
github.com/vmpx/vmp-x/internal/lift/arm64/mem.go:300.67,304.9 4 1
github.com/vmpx/vmp-x/internal/lift/arm64/mem.go:304.9,306.3 1 0
github.com/vmpx/vmp-x/internal/lift/arm64/mem.go:307.2,308.12 2 1
github.com/vmpx/vmp-x/internal/lift/arm64/mem.go:308.12,310.3 1 0
github.com/vmpx/vmp-x/internal/lift/arm64/mem.go:311.2,311.23 1 1
github.com/vmpx/vmp-x/internal/lift/arm64/mem.go:311.23,313.3 1 0
github.com/vmpx/vmp-x/internal/lift/arm64/mem.go:314.2,315.44 2 1
github.com/vmpx/vmp-x/internal/lift/arm64/mem.go:315.44,317.3 1 0
github.com/vmpx/vmp-x/internal/lift/arm64/mem.go:318.2,318.22 1 1
github.com/vmpx/vmp-x/internal/lift/arm64/mem.go:318.22,320.3 1 0
github.com/vmpx/vmp-x/internal/lift/arm64/mem.go:321.2,323.15 3 1
github.com/vmpx/vmp-x/internal/lift/arm64/mem.go:323.15,327.3 2 0
github.com/vmpx/vmp-x/internal/lift/arm64/mem.go:328.2,332.12 2 1
